Order,Domain,Phylum,Class,Order,Family,Genus,Species,Baikal,Tanganyika,Category
1,d__Archaea,p__Altiarchaeota,c__Altiarchaeia,o__SCGC-AAA252-I15,f__,g__,s__,,1,Only Tanganyika
2,d__Archaea,p__Crenarchaeota,c__Bathyarchaeia,o__B26-1,f__UBA233,g__,s__,,1,Only Tanganyika
3,d__Archaea,p__Crenarchaeota,c__Bathyarchaeia,o__TCS64,f__TCS64,g__,s__,,1,Only Tanganyika
4,d__Archaea,p__Crenarchaeota,c__Methanomethylicia,o__Methanomethyliales,f__Methanomethyliaceae,g__,s__,,1,Only Tanganyika
5,d__Archaea,p__Crenarchaeota,c__Nitrososphaeria,o__Nitrososphaerales,f__,g__,s__,,1,Only Tanganyika
6,d__Archaea,p__Crenarchaeota,c__Nitrososphaeria,o__Nitrososphaerales,f__Nitrosopumilaceae,g__,s__,,3,Only Tanganyika
7,d__Archaea,p__Crenarchaeota,c__Nitrososphaeria,o__Nitrososphaerales,f__Nitrosopumilaceae,g__Nitrosoarchaeum,s__,2,,Only Baikal
8,d__Archaea,p__Crenarchaeota,c__Nitrososphaeria,o__Nitrososphaerales,f__Nitrosopumilaceae,g__Nitrosopumilus,s__,1,,Only Baikal
9,d__Archaea,p__Crenarchaeota,c__Nitrososphaeria,o__Nitrososphaerales,f__Nitrosopumilaceae,g__Nitrosotenuis,s__,,2,Only Tanganyika
10,d__Archaea,p__Euryarchaeota,c__Methanobacteria,o__Methanobacteriales,f__Methanobacteriaceae,g__,s__,,1,Only Tanganyika
11,d__Archaea,p__Nanoarchaeota,c__Aenigmarchaeia,o__,f__,g__,s__,,1,Only Tanganyika
12,d__Archaea,p__Nanoarchaeota,c__Woesearchaeia,o__Pacearchaeales,f__,g__,s__,,2,Only Tanganyika
13,d__Archaea,p__Nanoarchaeota,c__Woesearchaeia,o__Pacearchaeales,f__GW2011-AR1,g__,s__,,1,Only Tanganyika
14,d__Archaea,p__Nanoarchaeota,c__Woesearchaeia,o__Pacearchaeales,f__UBA73,g__,s__,2,3,Both
15,d__Archaea,p__Nanoarchaeota,c__Woesearchaeia,o__SCGC-AAA011-G17,f__,g__,s__,,1,Only Tanganyika
16,d__Archaea,p__Nanoarchaeota,c__Woesearchaeia,o__SCGC-AAA011-G17,f__GW2011-AR17,g__,s__,1,,Only Baikal
17,d__Archaea,p__Thermoplasmatota,c__,o__,f__,g__,s__,,1,Only Tanganyika
18,d__Archaea,p__Thermoplasmatota,c__Thermoplasmata_A,o__Methanomassiliicoccales,f__,g__,s__,,1,Only Tanganyika
19,d__Bacteria,,c__,o__,f__,g__,s__,,12,Only Tanganyika
20,d__Bacteria,p__Acidobacteriota,c__,o__,f__,g__,s__,,1,Only Tanganyika
21,d__Bacteria,p__Acidobacteriota,c__Acidobacteriae,o__,f__,g__,s__,2,1,Both
22,d__Bacteria,p__Acidobacteriota,c__Acidobacteriae,o__Solibacterales,f__Solibacteraceae,g__,s__,3,10,Both
23,d__Bacteria,p__Acidobacteriota,c__Aminicenantia,o__Aminicenantales,f__,g__,s__,,2,Only Tanganyika
24,d__Bacteria,p__Acidobacteriota,c__Aminicenantia,o__Aminicenantales,f__UBA4085,g__,s__,,3,Only Tanganyika
25,d__Bacteria,p__Acidobacteriota,c__Luteitaleia,o__Luteitaleales,f__,g__,s__,1,1,Both
26,d__Bacteria,p__Acidobacteriota,c__Luteitaleia,o__Luteitaleales,f__UBA2999,g__,s__,3,4,Both
27,d__Bacteria,p__Acidobacteriota,c__Luteitaleia,o__Luteitaleales,f__UBA2999,g__12-FULL-67-14b,s__,3,1,Both
28,d__Bacteria,p__Acidobacteriota,c__Luteitaleia,o__Luteitaleales,f__UBA2999,g__2-12-FULL-68-19,s__,1,,Only Baikal
29,d__Bacteria,p__Actinobacteriota,c__Acidimicrobiia,o__,f__,g__,s__,3,4,Both
30,d__Bacteria,p__Actinobacteriota,c__Acidimicrobiia,o__Microtrichales,f__,g__,s__,1,1,Both
31,d__Bacteria,p__Actinobacteriota,c__Acidimicrobiia,o__Microtrichales,f__Ilumatobacteraceae,g__,s__,3,7,Both
32,d__Bacteria,p__Actinobacteriota,c__Acidimicrobiia,o__Microtrichales,f__Ilumatobacteraceae,g__Casp-actino8,s__,1,2,Both
33,d__Bacteria,p__Actinobacteriota,c__Acidimicrobiia,o__Microtrichales,f__Microtrichaceae,g__,s__,,1,Only Tanganyika
34,d__Bacteria,p__Actinobacteriota,c__Acidimicrobiia,o__UBA5794,f__UBA11373,g__,s__,,1,Only Tanganyika
35,d__Bacteria,p__Actinobacteriota,c__Actinobacteria,o__Actinomycetales,f__Microbacteriaceae,g__Microbacterium,s__,,1,Only Tanganyika
36,d__Bacteria,p__Actinobacteriota,c__Actinobacteria,o__Nanopelagicales,f__,g__,s__,,5,Only Tanganyika
37,d__Bacteria,p__Actinobacteriota,c__Actinobacteria,o__Nanopelagicales,f__Nanopelagicaceae,g__,s__,1,6,Both
38,d__Bacteria,p__Actinobacteriota,c__Actinobacteria,o__Nanopelagicales,f__Nanopelagicaceae,g__MAG-120802,s__,1,1,Both
39,d__Bacteria,p__Actinobacteriota,c__Actinobacteria,o__Nanopelagicales,f__Nanopelagicaceae,g__Nanopelagicus,s__,1,2,Both
40,d__Bacteria,p__Actinobacteriota,c__Actinobacteria,o__Nanopelagicales,f__Nanopelagicaceae,g__Planktophila,s__,5,,Only Baikal
41,d__Bacteria,p__Actinobacteriota,c__Actinobacteria,o__Nanopelagicales,f__S36-B12,g__,s__,1,1,Both
42,d__Bacteria,p__Actinobacteriota,c__Thermoleophilia,o__,f__,g__,s__,4,4,Both
43,d__Bacteria,p__Actinobacteriota,c__Thermoleophilia,o__Solirubrobacterales,f__,g__,s__,1,1,Both
44,d__Bacteria,p__Actinobacteriota,c__Thermoleophilia,o__UBA2241,f__UBA2241,g__,s__,,1,Only Tanganyika
45,d__Bacteria,p__Actinobacteriota,c__UBA1414,o__UBA1414,f__,g__,s__,,5,Only Tanganyika
46,d__Bacteria,p__Actinobacteriota,c__UBA1414,o__UBA1414,f__UBA7938,g__,s__,,1,Only Tanganyika
47,d__Bacteria,p__Armatimonadota,c__,o__,f__,g__,s__,,2,Only Tanganyika
48,d__Bacteria,p__Armatimonadota,c__UBA5377,o__,f__,g__,s__,,2,Only Tanganyika
49,d__Bacteria,p__Bacteroidota,c__Bacteroidia,o__,f__,g__,s__,,8,Only Tanganyika
50,d__Bacteria,p__Bacteroidota,c__Bacteroidia,o__AKYH767,f__,g__,s__,1,,Only Baikal
51,d__Bacteria,p__Bacteroidota,c__Bacteroidia,o__Bacteroidales,f__,g__,s__,,2,Only Tanganyika
52,d__Bacteria,p__Bacteroidota,c__Bacteroidia,o__Bacteroidales,f__vadinHA17,g__,s__,,1,Only Tanganyika
53,d__Bacteria,p__Bacteroidota,c__Bacteroidia,o__Chitinophagales,f__Chitinophagaceae,g__,s__,,4,Only Tanganyika
54,d__Bacteria,p__Bacteroidota,c__Bacteroidia,o__Chitinophagales,f__Chitinophagaceae,g__JJ008,s__,,7,Only Tanganyika
55,d__Bacteria,p__Bacteroidota,c__Bacteroidia,o__Chitinophagales,f__Chitinophagaceae,g__UBA8137,s__,2,,Only Baikal
56,d__Bacteria,p__Bacteroidota,c__Bacteroidia,o__Cytophagales,f__Cyclobacteriaceae,g__Algoriphagus,s__,,1,Only Tanganyika
57,d__Bacteria,p__Bacteroidota,c__Bacteroidia,o__Cytophagales,f__Cyclobacteriaceae,g__ELB16-189,s__,,1,Only Tanganyika
58,d__Bacteria,p__Bacteroidota,c__Bacteroidia,o__Flavobacteriales,f__,g__,s__,,1,Only Tanganyika
59,d__Bacteria,p__Bacteroidota,c__Bacteroidia,o__Flavobacteriales,f__Crocinitomicaceae,g__,s__,,1,Only Tanganyika
60,d__Bacteria,p__Bacteroidota,c__Bacteroidia,o__Flavobacteriales,f__Crocinitomicaceae,g__UBA952,s__,,6,Only Tanganyika
61,d__Bacteria,p__Bacteroidota,c__Bacteroidia,o__Flavobacteriales,f__Cryomorphaceae,g__Coccinistipes,s__,1,1,Both
62,d__Bacteria,p__Bacteroidota,c__Bacteroidia,o__Flavobacteriales,f__Flavobacteriaceae,g__Flavobacterium,s__,1,,Only Baikal
63,d__Bacteria,p__Bacteroidota,c__Bacteroidia,o__NS11-12g,f__,g__,s__,1,,Only Baikal
64,d__Bacteria,p__Bacteroidota,c__Bacteroidia,o__NS11-12g,f__UBA955,g__,s__,,2,Only Tanganyika
65,d__Bacteria,p__Bacteroidota,c__Bacteroidia,o__NS11-12g,f__UBA955,g__UBA955,s__,2,,Only Baikal
66,d__Bacteria,p__Bacteroidota,c__Bacteroidia,o__Sphingobacteriales,f__Sphingobacteriaceae,g__Pedobacter_A,s__,,1,Only Tanganyika
67,d__Bacteria,p__Bacteroidota,c__Chlorobia,o__Chlorobiales,f__Chlorobiaceae,g__Chlorobium,s__,,2,Only Tanganyika
68,d__Bacteria,p__Bacteroidota,c__Ignavibacteria,o__,f__,g__,s__,,1,Only Tanganyika
69,d__Bacteria,p__Bacteroidota,c__Ignavibacteria,o__Ignavibacteriales,f__Melioribacteraceae,g__,s__,,1,Only Tanganyika
70,d__Bacteria,p__Bacteroidota,c__Ignavibacteria,o__SJA-28,f__,g__,s__,,1,Only Tanganyika
71,d__Bacteria,p__Bacteroidota,c__Kapabacteria,o__Kapabacteriales,f__,g__,s__,,2,Only Tanganyika
72,d__Bacteria,p__Bacteroidota,c__Kapabacteria,o__Kapabacteriales,f__Kapabacteriaceae,g__UBA10438,s__,,1,Only Tanganyika
73,d__Bacteria,p__Bacteroidota,c__UBA10030,o__,f__,g__,s__,,1,Only Tanganyika
74,d__Bacteria,p__Bacteroidota,c__UBA10030,o__UBA10030,f__,g__,s__,2,1,Both
75,d__Bacteria,p__Bacteroidota,c__UBA10030,o__UBA10030,f__UBA10030,g__,s__,,1,Only Tanganyika
76,d__Bacteria,p__Bdellovibrionota,c__,o__,f__,g__,s__,1,2,Both
77,d__Bacteria,p__Bdellovibrionota,c__Oligoflexia,o__,f__,g__,s__,,1,Only Tanganyika
78,d__Bacteria,p__Chloroflexota,c__,o__,f__,g__,s__,2,2,Both
79,d__Bacteria,p__Chloroflexota,c__Anaerolineae,o__,f__,g__,s__,,4,Only Tanganyika
80,d__Bacteria,p__Chloroflexota,c__Anaerolineae,o__Anaerolineales,f__,g__,s__,,3,Only Tanganyika
81,d__Bacteria,p__Chloroflexota,c__Anaerolineae,o__Anaerolineales,f__Anaerolineaceae,g__,s__,,1,Only Tanganyika
82,d__Bacteria,p__Chloroflexota,c__Anaerolineae,o__Anaerolineales,f__envOPS12,g__,s__,,3,Only Tanganyika
83,d__Bacteria,p__Chloroflexota,c__Anaerolineae,o__Anaerolineales,f__envOPS12,g__OLB14,s__,,1,Only Tanganyika
84,d__Bacteria,p__Chloroflexota,c__Anaerolineae,o__UBA1429,f__UBA1429,g__,s__,,1,Only Tanganyika
85,d__Bacteria,p__Chloroflexota,c__Chloroflexia,o__Chloroflexales,f__Roseiflexaceae,g__,s__,,1,Only Tanganyika
86,d__Bacteria,p__Chloroflexota,c__Dehalococcoidia,o__,f__,g__,s__,12,4,Both
87,d__Bacteria,p__Chloroflexota,c__Dehalococcoidia,o__Dehalococcoidales,f__,g__,s__,,1,Only Tanganyika
88,d__Bacteria,p__Chloroflexota,c__Dehalococcoidia,o__Dehalococcoidales,f__RBG-16-60-22,g__,s__,,1,Only Tanganyika
89,d__Bacteria,p__Chloroflexota,c__Dehalococcoidia,o__GIF9,f__UBA5620,g__,s__,,12,Only Tanganyika
90,d__Bacteria,p__Chloroflexota,c__Dehalococcoidia,o__SAR202,f__,g__,s__,,1,Only Tanganyika
91,d__Bacteria,p__Chloroflexota,c__Dehalococcoidia,o__UBA1151,f__,g__,s__,2,1,Both
92,d__Bacteria,p__Chloroflexota,c__Dehalococcoidia,o__UBA1151,f__UBA1151,g__,s__,,1,Only Tanganyika
93,d__Bacteria,p__Chloroflexota,c__Dehalococcoidia,o__UBA2777,f__,g__,s__,,2,Only Tanganyika
94,d__Bacteria,p__Chloroflexota,c__Dehalococcoidia,o__UBA2979,f__,g__,s__,2,1,Both
95,d__Bacteria,p__Chloroflexota,c__Dehalococcoidia,o__UBA2979,f__UBA2979,g__,s__,3,1,Both
96,d__Bacteria,p__Chloroflexota,c__Dehalococcoidia,o__UBA3495,f__UBA3495,g__,s__,2,1,Both
97,d__Bacteria,p__Chloroflexota,c__Ellin6529,o__CSP1-4,f__,g__,s__,1,,Only Baikal
98,d__Bacteria,p__Chloroflexota,c__Ellin6529,o__P2-11E,f__P2-11E,g__,s__,1,1,Both
99,d__Bacteria,p__Chloroflexota,c__UBA2235,o__,f__,g__,s__,1,1,Both
100,d__Bacteria,p__Cloacimonadota,c__Cloacimonadia,o__Cloacimonadales,f__Cloacimonadaceae,g__,s__,,2,Only Tanganyika
101,d__Bacteria,p__Cyanobacteriota,c__Cyanobacteriia,o__Synechococcales_A,f__Cyanobiaceae,g__Cyanobium,s__,,16,Only Tanganyika
102,d__Bacteria,p__Cyanobacteriota,c__Sericytochromatia,o__,f__,g__,s__,,1,Only Tanganyika
103,d__Bacteria,p__Dependentiae,c__Babeliae,o__Babeliales,f__,g__,s__,,1,Only Tanganyika
104,d__Bacteria,p__Dependentiae,c__Babeliae,o__Babeliales,f__RVW-14,g__,s__,,2,Only Tanganyika
105,d__Bacteria,p__Desulfobacterota,c__BSN033,o__,f__,g__,s__,,1,Only Tanganyika
106,d__Bacteria,p__Desulfobacterota,c__BSN033,o__BSN033,f__UBA1163,g__,s__,,6,Only Tanganyika
107,d__Bacteria,p__Desulfobacterota,c__Desulfobaccia,o__Desulfobaccales,f__,g__,s__,,4,Only Tanganyika
108,d__Bacteria,p__Desulfobacterota,c__Desulfobaccia,o__Desulfobaccales,f__Desulfobaccaceae,g__,s__,,1,Only Tanganyika
109,d__Bacteria,p__Desulfobacterota,c__Desulfomonilia,o__,f__,g__,s__,,2,Only Tanganyika
110,d__Bacteria,p__Desulfobacterota,c__Syntrophia,o__Syntrophales,f__,g__,s__,,1,Only Tanganyika
111,d__Bacteria,p__Desulfobacterota,c__Syntrophia,o__Syntrophales,f__UBA5619,g__UBA5619,s__,,1,Only Tanganyika
112,d__Bacteria,p__Firmicutes_D,c__Dethiobacteria,o__DTU022,f__DTU022,g__,s__,,1,Only Tanganyika
113,d__Bacteria,p__Firmicutes_H,c__CSP1-3,o__CSP1-3,f__,g__,s__,,1,Only Tanganyika
114,d__Bacteria,p__Gemmatimonadota,c__,o__,f__,g__,s__,,1,Only Tanganyika
115,d__Bacteria,p__Gemmatimonadota,c__Gemmatimonadetes,o__,f__,g__,s__,1,,Only Baikal
116,d__Bacteria,p__Gemmatimonadota,c__Gemmatimonadetes,o__Gemmatimonadales,f__,g__,s__,,1,Only Tanganyika
117,d__Bacteria,p__Gemmatimonadota,c__Gemmatimonadetes,o__Gemmatimonadales,f__Gemmatimonadaceae,g__,s__,,4,Only Tanganyika
118,d__Bacteria,p__Gemmatimonadota,c__Gemmatimonadetes,o__Gemmatimonadales,f__GWC2-71-9,g__,s__,2,,Only Baikal
119,d__Bacteria,p__Gemmatimonadota,c__Gemmatimonadetes,o__SG8-23,f__UBA6960,g__,s__,2,1,Both
120,d__Bacteria,p__Latescibacterota,c__,o__,f__,g__,s__,1,1,Both
121,d__Bacteria,p__Latescibacterota,c__UBA2968,o__UBA8231,f__,g__,s__,1,1,Both
122,d__Bacteria,p__Margulisbacteria,c__ZB3,o__UBA817,f__,g__,s__,1,,Only Baikal
123,d__Bacteria,p__Methylomirabilota,c__Methylomirabilia,o__Rokubacteriales,f__GWA2-73-35,g__,s__,,2,Only Tanganyika
124,d__Bacteria,p__Myxococcota,c__,o__,f__,g__,s__,,4,Only Tanganyika
125,d__Bacteria,p__Myxococcota,c__Myxococcia,o__Myxococcales,f__Myxococcaceae,g__,s__,,1,Only Tanganyika
126,d__Bacteria,p__Myxococcota,c__Polyangia,o__,f__,g__,s__,2,,Only Baikal
127,d__Bacteria,p__Myxococcota,c__Polyangia,o__Polyangiales,f__Polyangiaceae,g__,s__,1,2,Both
128,d__Bacteria,p__Myxococcota,c__UBA4248,o__,f__,g__,s__,1,2,Both
129,d__Bacteria,p__Myxococcota,c__UBA4248,o__UBA7976,f__UBA1532,g__,s__,,1,Only Tanganyika
130,d__Bacteria,p__Myxococcota,c__UBA727,o__UBA727,f__,g__,s__,,1,Only Tanganyika
131,d__Bacteria,p__Myxococcota,c__UBA796,o__,f__,g__,s__,1,,Only Baikal
132,d__Bacteria,p__Myxococcota,c__UBA796,o__UBA796,f__,g__,s__,1,,Only Baikal
133,d__Bacteria,p__Myxococcota,c__UBA9042,o__,f__,g__,s__,2,,Only Baikal
134,d__Bacteria,p__Myxococcota,c__UBA9160,o__UBA9160,f__UBA6930,g__,s__,,1,Only Tanganyika
135,d__Bacteria,p__Nitrospirota,c__Nitrospiria,o__Nitrospirales,f__Nitrospiraceae,g__,s__,2,4,Both
136,d__Bacteria,p__Nitrospirota,c__Nitrospiria,o__Nitrospirales,f__Nitrospiraceae,g__Nitrospira,s__,,2,Only Tanganyika
137,d__Bacteria,p__Nitrospirota,c__Thermodesulfovibrionia,o__Thermodesulfovibrionales,f__,g__,s__,,3,Only Tanganyika
138,d__Bacteria,p__Nitrospirota,c__Thermodesulfovibrionia,o__Thermodesulfovibrionales,f__SM23-35,g__,s__,,1,Only Tanganyika
139,d__Bacteria,p__Omnitrophota,c__koll11,o__,f__,g__,s__,,3,Only Tanganyika
140,d__Bacteria,p__Omnitrophota,c__koll11,o__GIF10,f__UBA6249,g__,s__,,5,Only Tanganyika
141,d__Bacteria,p__Omnitrophota,c__Omnitrophia,o__Omnitrophales,f__,g__,s__,1,,Only Baikal
142,d__Bacteria,p__Patescibacteria,c__,o__,f__,g__,s__,2,,Only Baikal
143,d__Bacteria,p__Patescibacteria,c__4484-211,o__4484-211,f__,g__,s__,,1,Only Tanganyika
144,d__Bacteria,p__Patescibacteria,c__ABY1,o__Magasanikibacterales,f__GWA2-37-8,g__,s__,1,,Only Baikal
145,d__Bacteria,p__Patescibacteria,c__ABY1,o__Uhrbacterales,f__2-12-FULL-60-25,g__,s__,1,1,Both
146,d__Bacteria,p__Patescibacteria,c__ABY1,o__Uhrbacterales,f__GWF2-40-263,g__,s__,,1,Only Tanganyika
147,d__Bacteria,p__Patescibacteria,c__Gracilibacteria,o__Peribacterales,f__Peribacteraceae,g__,s__,2,2,Both
148,d__Bacteria,p__Patescibacteria,c__Microgenomatia,o__Gottesmanbacterales,f__GWA2-43-14,g__,s__,,1,Only Tanganyika
149,d__Bacteria,p__Patescibacteria,c__Microgenomatia,o__Levybacterales,f__UBA12049,g__,s__,1,,Only Baikal
150,d__Bacteria,p__Patescibacteria,c__Microgenomatia,o__Shapirobacterales,f__,g__,s__,,2,Only Tanganyika
151,d__Bacteria,p__Patescibacteria,c__Paceibacteria,o__,f__,g__,s__,,1,Only Tanganyika
152,d__Bacteria,p__Patescibacteria,c__Paceibacteria,o__Paceibacterales,f__,g__,s__,,1,Only Tanganyika
153,d__Bacteria,p__Patescibacteria,c__Paceibacteria,o__Paceibacterales,f__CG1-02-41-26,g__,s__,,1,Only Tanganyika
154,d__Bacteria,p__Patescibacteria,c__Paceibacteria,o__Paceibacterales,f__Nealsonbacteraceae,g__,s__,,1,Only Tanganyika
155,d__Bacteria,p__Patescibacteria,c__Paceibacteria,o__Paceibacterales,f__Staskawiczbacteraceae,g__,s__,1,1,Both
156,d__Bacteria,p__Patescibacteria,c__Paceibacteria,o__Paceibacterales,f__Staskawiczbacteraceae,g__01-FULL-38-12b,s__,1,,Only Baikal
157,d__Bacteria,p__Patescibacteria,c__Paceibacteria,o__Ryanbacterales,f__GWA2-47-10b,g__,s__,1,,Only Baikal
158,d__Bacteria,p__Patescibacteria,c__Paceibacteria,o__UBA6257,f__,g__,s__,2,1,Both
159,d__Bacteria,p__Patescibacteria,c__Paceibacteria,o__UBA6257,f__Harrisonbacteraceae,g__,s__,,1,Only Tanganyika
160,d__Bacteria,p__Patescibacteria,c__Paceibacteria,o__UBA9983,f__,g__,s__,1,,Only Baikal
161,d__Bacteria,p__Patescibacteria,c__Paceibacteria,o__UBA9983,f__Kaiserbacteraceae,g__C7867-001,s__,1,,Only Baikal
162,d__Bacteria,p__Patescibacteria,c__Paceibacteria,o__UBA9983,f__Kaiserbacteraceae,g__GWA1-54-10,s__,1,,Only Baikal
163,d__Bacteria,p__Patescibacteria,c__Paceibacteria,o__UBA9983,f__Kaiserbacteraceae,g__UBA10103,s__,1,1,Both
164,d__Bacteria,p__Patescibacteria,c__Paceibacteria,o__UBA9983,f__Nomurabacteraceae,g__UBA9973,s__,1,,Only Baikal
165,d__Bacteria,p__Patescibacteria,c__Paceibacteria,o__UBA9983,f__Taylorbacteraceae,g__,s__,3,,Only Baikal
166,d__Bacteria,p__Patescibacteria,c__Paceibacteria,o__UBA9983,f__Taylorbacteraceae,g__UBA10002,s__,1,,Only Baikal
167,d__Bacteria,p__Patescibacteria,c__Paceibacteria,o__UBA9983,f__Zambryskibacteraceae,g__C7867-006,s__,1,,Only Baikal
168,d__Bacteria,p__Patescibacteria,c__Paceibacteria,o__UBA9983,f__Zambryskibacteraceae,g__UBA5004,s__,1,,Only Baikal
169,d__Bacteria,p__Patescibacteria,c__Saccharimonadia,o__,f__,g__,s__,1,,Only Baikal
170,d__Bacteria,p__Patescibacteria,c__Saccharimonadia,o__Saccharimonadales,f__Saccharimonadaceae,g__,s__,,1,Only Tanganyika
171,d__Bacteria,p__Planctomycetota,c__,o__,f__,g__,s__,2,3,Both
172,d__Bacteria,p__Planctomycetota,c__Brocadiae,o__,f__,g__,s__,,5,Only Tanganyika
173,d__Bacteria,p__Planctomycetota,c__Brocadiae,o__Brocadiales,f__Brocadiaceae,g__,s__,,2,Only Tanganyika
174,d__Bacteria,p__Planctomycetota,c__Phycisphaerae,o__Phycisphaerales,f__SM1A02,g__,s__,7,10,Both
175,d__Bacteria,p__Planctomycetota,c__Phycisphaerae,o__Phycisphaerales,f__SM1A02,g__UBA966,s__,1,,Only Baikal
176,d__Bacteria,p__Planctomycetota,c__Phycisphaerae,o__SG8-4,f__SG8-4,g__,s__,,1,Only Tanganyika
177,d__Bacteria,p__Planctomycetota,c__Phycisphaerae,o__SG8-4,f__SG8-4,g__PLanc-01,s__,,1,Only Tanganyika
178,d__Bacteria,p__Planctomycetota,c__Planctomycetes,o__Gemmatales,f__Gemmataceae,g__,s__,6,3,Both
179,d__Bacteria,p__Planctomycetota,c__Planctomycetes,o__Pirellulales,f__Pirellulaceae,g__,s__,,3,Only Tanganyika
180,d__Bacteria,p__Planctomycetota,c__Planctomycetes,o__Pirellulales,f__UBA1268,g__,s__,1,3,Both
181,d__Bacteria,p__Planctomycetota,c__Planctomycetes,o__Planctomycetales,f__Planctomycetaceae,g__,s__,1,1,Both
182,d__Bacteria,p__Planctomycetota,c__UBA1135,o__UBA1135,f__,g__,s__,1,2,Both
183,d__Bacteria,p__Planctomycetota,c__UBA1135,o__UBA2386,f__,g__,s__,1,,Only Baikal
184,d__Bacteria,p__Planctomycetota,c__UBA1135,o__UBA2386,f__UBA2386,g__,s__,,2,Only Tanganyika
185,d__Bacteria,p__Poribacteria,c__WGA-4E,o__,f__,g__,s__,,2,Only Tanganyika
186,d__Bacteria,p__Proteobacteria,c__Alphaproteobacteria,o__,f__,g__,s__,6,13,Both
187,d__Bacteria,p__Proteobacteria,c__Alphaproteobacteria,o__Acetobacterales,f__Acetobacteraceae,g__,s__,3,2,Both
188,d__Bacteria,p__Proteobacteria,c__Alphaproteobacteria,o__Acetobacterales,f__Acetobacteraceae,g__UBA6159,s__,1,,Only Baikal
189,d__Bacteria,p__Proteobacteria,c__Alphaproteobacteria,o__Defluviicoccales,f__Defluviicoccaceae,g__,s__,,1,Only Tanganyika
190,d__Bacteria,p__Proteobacteria,c__Alphaproteobacteria,o__Elsterales,f__Elsteraceae,g__,s__,1,,Only Baikal
191,d__Bacteria,p__Proteobacteria,c__Alphaproteobacteria,o__Paracaedibacterales,f__,g__,s__,,2,Only Tanganyika
192,d__Bacteria,p__Proteobacteria,c__Alphaproteobacteria,o__Pelagibacterales,f__Pelagibacteraceae,g__,s__,,1,Only Tanganyika
193,d__Bacteria,p__Proteobacteria,c__Alphaproteobacteria,o__Pelagibacterales,f__Pelagibacteraceae,g__Fonsibacter,s__,1,1,Both
194,d__Bacteria,p__Proteobacteria,c__Alphaproteobacteria,o__Pelagibacterales,f__Pelagibacteraceae,g__Pelagibacter,s__,1,1,Both
195,d__Bacteria,p__Proteobacteria,c__Alphaproteobacteria,o__Reyranellales,f__Reyranellaceae,g__Reyranella,s__,1,1,Both
196,d__Bacteria,p__Proteobacteria,c__Alphaproteobacteria,o__Rhizobiales,f__,g__,s__,,1,Only Tanganyika
197,d__Bacteria,p__Proteobacteria,c__Alphaproteobacteria,o__Rhizobiales,f__Beijerinckiaceae,g__,s__,,2,Only Tanganyika
198,d__Bacteria,p__Proteobacteria,c__Alphaproteobacteria,o__Rhizobiales,f__Beijerinckiaceae,g__Methylocystis,s__,,6,Only Tanganyika
199,d__Bacteria,p__Proteobacteria,c__Alphaproteobacteria,o__Rhizobiales,f__Methyloligellaceae,g__Methyloceanibacter,s__,,1,Only Tanganyika
200,d__Bacteria,p__Proteobacteria,c__Alphaproteobacteria,o__Rhizobiales,f__Xanthobacteraceae,g__,s__,1,1,Both
201,d__Bacteria,p__Proteobacteria,c__Alphaproteobacteria,o__Rhizobiales,f__Xanthobacteraceae,g__Pseudolabrys,s__,2,,Only Baikal
202,d__Bacteria,p__Proteobacteria,c__Alphaproteobacteria,o__Rhodobacterales,f__Rhodobacteraceae,g__,s__,,2,Only Tanganyika
203,d__Bacteria,p__Proteobacteria,c__Alphaproteobacteria,o__Rhodobacterales,f__Rhodobacteraceae,g__Paracoccus,s__,,1,Only Tanganyika
204,d__Bacteria,p__Proteobacteria,c__Alphaproteobacteria,o__Rhodospirillales,f__,g__,s__,4,3,Both
205,d__Bacteria,p__Proteobacteria,c__Alphaproteobacteria,o__Rhodospirillales,f__Rhodospirillaceae,g__,s__,3,1,Both
206,d__Bacteria,p__Proteobacteria,c__Alphaproteobacteria,o__Rickettsiales,f__Rickettsiaceae,g__,s__,,1,Only Tanganyika
207,d__Bacteria,p__Proteobacteria,c__Alphaproteobacteria,o__Rickettsiales,f__UBA1997,g__,s__,1,1,Both
208,d__Bacteria,p__Proteobacteria,c__Alphaproteobacteria,o__SL26,f__SL26,g__,s__,1,,Only Baikal
209,d__Bacteria,p__Proteobacteria,c__Alphaproteobacteria,o__Sneathiellales,f__,g__,s__,3,6,Both
210,d__Bacteria,p__Proteobacteria,c__Alphaproteobacteria,o__Sphingomonadales,f__Sphingomonadaceae,g__Novosphingobium,s__,,1,Only Tanganyika
211,d__Bacteria,p__Proteobacteria,c__Alphaproteobacteria,o__Sphingomonadales,f__Sphingomonadaceae,g__Sphingomonas,s__,,1,Only Tanganyika
212,d__Bacteria,p__Proteobacteria,c__Alphaproteobacteria,o__UBA1301,f__UBA1301,g__,s__,1,,Only Baikal
213,d__Bacteria,p__Proteobacteria,c__Alphaproteobacteria,o__UBA828,f__,g__,s__,3,2,Both
214,d__Bacteria,p__Proteobacteria,c__Gammaproteobacteria,o__,f__,g__,s__,1,,Only Baikal
215,d__Bacteria,p__Proteobacteria,c__Gammaproteobacteria,o__Betaproteobacteriales,f__,g__,s__,1,1,Both
216,d__Bacteria,p__Proteobacteria,c__Gammaproteobacteria,o__Betaproteobacteriales,f__Burkholderiaceae,g__,s__,,6,Only Tanganyika
217,d__Bacteria,p__Proteobacteria,c__Gammaproteobacteria,o__Betaproteobacteriales,f__Burkholderiaceae,g__Limnohabitans,s__,3,,Only Baikal
218,d__Bacteria,p__Proteobacteria,c__Gammaproteobacteria,o__Betaproteobacteriales,f__Burkholderiaceae,g__Polynucleobacter,s__,,1,Only Tanganyika
219,d__Bacteria,p__Proteobacteria,c__Gammaproteobacteria,o__Betaproteobacteriales,f__Burkholderiaceae,g__Rhodoferax,s__,1,,Only Baikal
220,d__Bacteria,p__Proteobacteria,c__Gammaproteobacteria,o__Betaproteobacteriales,f__Burkholderiaceae,g__UBA2463,s__,,2,Only Tanganyika
221,d__Bacteria,p__Proteobacteria,c__Gammaproteobacteria,o__Betaproteobacteriales,f__Burkholderiaceae,g__UBA3064,s__,,2,Only Tanganyika
222,d__Bacteria,p__Proteobacteria,c__Gammaproteobacteria,o__Betaproteobacteriales,f__Hydrogenophilaceae,g__,s__,,1,Only Tanganyika
223,d__Bacteria,p__Proteobacteria,c__Gammaproteobacteria,o__Betaproteobacteriales,f__Hydrogenophilaceae,g__UBA3361,s__,,1,Only Tanganyika
224,d__Bacteria,p__Proteobacteria,c__Gammaproteobacteria,o__Betaproteobacteriales,f__Methylophilaceae,g__,s__,1,,Only Baikal
225,d__Bacteria,p__Proteobacteria,c__Gammaproteobacteria,o__Betaproteobacteriales,f__Methylophilaceae,g__Methylopumilus,s__,,1,Only Tanganyika
226,d__Bacteria,p__Proteobacteria,c__Gammaproteobacteria,o__Betaproteobacteriales,f__Methylophilaceae,g__Methylotenera,s__,2,1,Both
227,d__Bacteria,p__Proteobacteria,c__Gammaproteobacteria,o__Betaproteobacteriales,f__Nitrosomonadaceae,g__,s__,2,,Only Baikal
228,d__Bacteria,p__Proteobacteria,c__Gammaproteobacteria,o__Betaproteobacteriales,f__Rhodocyclaceae,g__UTPRO2,s__,,1,Only Tanganyika
229,d__Bacteria,p__Proteobacteria,c__Gammaproteobacteria,o__Betaproteobacteriales,f__SG8-39,g__,s__,8,4,Both
230,d__Bacteria,p__Proteobacteria,c__Gammaproteobacteria,o__Betaproteobacteriales,f__SG8-41,g__,s__,,3,Only Tanganyika
231,d__Bacteria,p__Proteobacteria,c__Gammaproteobacteria,o__Ga0077536,f__Ga0077536,g__,s__,2,1,Both
232,d__Bacteria,p__Proteobacteria,c__Gammaproteobacteria,o__Methylococcales,f__Methylococcaceae,g__,s__,,1,Only Tanganyika
233,d__Bacteria,p__Proteobacteria,c__Gammaproteobacteria,o__Methylococcales,f__Methylomonadaceae,g__,s__,1,,Only Baikal
234,d__Bacteria,p__Proteobacteria,c__Gammaproteobacteria,o__Methylococcales,f__Methylomonadaceae,g__Methyloglobulus,s__,1,1,Both
235,d__Bacteria,p__Proteobacteria,c__Gammaproteobacteria,o__Methylococcales,f__Methylomonadaceae,g__UBA4132,s__,1,,Only Baikal
236,d__Bacteria,p__Proteobacteria,c__Gammaproteobacteria,o__Pseudomonadales,f__HTCC2089,g__,s__,,1,Only Tanganyika
237,d__Bacteria,p__Proteobacteria,c__Gammaproteobacteria,o__Pseudomonadales,f__Pseudohongiellaceae,g__,s__,1,,Only Baikal
238,d__Bacteria,p__Proteobacteria,c__Gammaproteobacteria,o__Steroidobacterales,f__Steroidobacteraceae,g__,s__,2,9,Both
239,d__Bacteria,p__Proteobacteria,c__Gammaproteobacteria,o__UBA11654,f__UBA11654,g__,s__,1,2,Both
240,d__Bacteria,p__Proteobacteria,c__Gammaproteobacteria,o__UBA7916,f__,g__,s__,,1,Only Tanganyika
241,d__Bacteria,p__Proteobacteria,c__Gammaproteobacteria,o__Xanthomonadales,f__,g__,s__,1,,Only Baikal
242,d__Bacteria,p__UBP1,c__PRR-12,o__,f__,g__,s__,,2,Only Tanganyika
243,d__Bacteria,p__UBP10,c__GR-WP33-30,o__,f__,g__,s__,2,5,Both
244,d__Bacteria,p__Verrucomicrobiota,c__,o__,f__,g__,s__,,1,Only Tanganyika
245,d__Bacteria,p__Verrucomicrobiota,c__Chlamydiia,o__,f__,g__,s__,,5,Only Tanganyika
246,d__Bacteria,p__Verrucomicrobiota,c__Chlamydiia,o__Parachlamydiales,f__Ga0074140,g__,s__,,1,Only Tanganyika
247,d__Bacteria,p__Verrucomicrobiota,c__Chlamydiia,o__Parachlamydiales,f__Simkaniaceae,g__,s__,,1,Only Tanganyika
248,d__Bacteria,p__Verrucomicrobiota,c__Chlamydiia,o__Parachlamydiales,f__SM23-39,g__,s__,,1,Only Tanganyika
249,d__Bacteria,p__Verrucomicrobiota,c__Kiritimatiellae,o__,f__,g__,s__,,1,Only Tanganyika
250,d__Bacteria,p__Verrucomicrobiota,c__Kiritimatiellae,o__Kiritimatiellales,f__,g__,s__,,1,Only Tanganyika
251,d__Bacteria,p__Verrucomicrobiota,c__Kiritimatiellae,o__RFP12,f__,g__,s__,,1,Only Tanganyika
252,d__Bacteria,p__Verrucomicrobiota,c__Kiritimatiellae,o__UBA8416,f__,g__,s__,,2,Only Tanganyika
253,d__Bacteria,p__Verrucomicrobiota,c__Verrucomicrobiae,o__,f__,g__,s__,1,1,Both
254,d__Bacteria,p__Verrucomicrobiota,c__Verrucomicrobiae,o__Chthoniobacterales,f__,g__,s__,,1,Only Tanganyika
255,d__Bacteria,p__Verrucomicrobiota,c__Verrucomicrobiae,o__Methylacidiphilales,f__UBA3015,g__UBA3015,s__,,1,Only Tanganyika
256,d__Bacteria,p__Verrucomicrobiota,c__Verrucomicrobiae,o__Opitutales,f__Opitutaceae,g__,s__,3,1,Both
257,d__Bacteria,p__Verrucomicrobiota,c__Verrucomicrobiae,o__Opitutales,f__Opitutaceae,g__Lacunisphaera,s__,2,,Only Baikal
258,d__Bacteria,p__Verrucomicrobiota,c__Verrucomicrobiae,o__Opitutales,f__Opitutaceae,g__Opitutus,s__,4,2,Both
259,d__Bacteria,p__Verrucomicrobiota,c__Verrucomicrobiae,o__Opitutales,f__UBA953,g__,s__,,1,Only Tanganyika
260,d__Bacteria,p__Verrucomicrobiota,c__Verrucomicrobiae,o__Opitutales,f__UBA953,g__UBA953,s__,2,,Only Baikal
261,d__Bacteria,p__Verrucomicrobiota,c__Verrucomicrobiae,o__Pedosphaerales,f__,g__,s__,9,3,Both
262,d__Bacteria,p__Verrucomicrobiota,c__Verrucomicrobiae,o__Pedosphaerales,f__Pedosphaeraceae,g__UBA11358,s__,1,,Only Baikal
263,d__Bacteria,p__Verrucomicrobiota,c__Verrucomicrobiae,o__Pedosphaerales,f__UBA9464,g__,s__,4,6,Both
264,d__Bacteria,p__WOR-3,c__WOR-3,o__UBA2258,f__UBA2258,g__,s__,,4,Only Tanganyika