IMG ID,Latitude,Longitude,Ecosystem,Ecosystem Category,Ecosystem Subtype,Ecosystem Type,MAG
3300020221,-4.9054,29.4853,Environmental,Aquatic,Lake,Freshwater,K_Offshore_40_m2_103
3300020179,-4.8915,29.586,Environmental,Aquatic,Lake,Freshwater,K_Offshore_40_m2_103
3300021093,-5.5789,29.514,Environmental,Aquatic,Lake,Freshwater,K_Offshore_40_m2_103
3300020109,-6.1786,29.658,Environmental,Aquatic,Lake,Freshwater,K_Offshore_40_m2_103
3300021091,-4.8915,29.586,Environmental,Aquatic,Lake,Freshwater,K_Offshore_40_m2_103
3300020190,-6.0012,29.8102,Environmental,Aquatic,Lake,Freshwater,K_Offshore_40_m2_103
3300020200,-6.1786,29.658,Environmental,Aquatic,Lake,Freshwater,K_Offshore_40_m2_103
3300020196,-4.9054,29.4853,Environmental,Aquatic,Lake,Freshwater,K_Offshore_40_m2_103
3300020578,-4.9054,29.4853,Environmental,Aquatic,Lake,Freshwater,K_Offshore_40_m2_103
3300020083,-4.9054,29.4853,Environmental,Aquatic,Lake,Freshwater,K_Offshore_40_m2_103
3300021376,-4.8369,29.6087,Environmental,Aquatic,Lake,Freshwater,K_Offshore_40_m2_103
3300020220,-6.1786,29.658,Environmental,Aquatic,Lake,Freshwater,K_Offshore_40_m2_103
3300020222,-4.9054,29.4853,Environmental,Aquatic,Lake,Freshwater,K_Offshore_40_m2_103
3300020603,-4.9054,29.4853,Environmental,Aquatic,Lake,Freshwater,K_Offshore_40_m2_103
3300020084,-4.9054,29.4853,Environmental,Aquatic,Lake,Freshwater,K_Offshore_40_m2_103
3300021092,-6.1786,29.658,Environmental,Aquatic,Lake,Freshwater,K_Offshore_40_m2_103
3300021424,-5.7366,29.9194,Environmental,Aquatic,Lake,Freshwater,K_Offshore_40_m2_103
3300013087,-13.5167,34.7703,Environmental,Aquatic,Lake,Freshwater,K_Offshore_40_m2_103
3300017788,-1.78,29.2,Environmental,Aquatic,Lake,Freshwater,K_Offshore_40_m2_103
3300022752,34.2611,-83.95,Environmental,Aquatic,Lake,Freshwater,K_Offshore_40_m2_103
3300020197,-4.9054,29.4853,Environmental,Aquatic,Lake,Freshwater,K_Offshore_40_m2_103
3300010354,39.2637,-76.0017,Environmental,Aquatic,Coastal,Marine,K_Offshore_40_m2_103
3300009499,56.62,11.67,Environmental,Aquatic,Oceanic,Marine,K_Offshore_40_m2_103
3300009150,-27.74,14.251,Environmental,Aquatic,Oceanic,Marine,K_Offshore_40_m2_103
3300007165,40.178,-81.073,Environmental,Terrestrial,Unclassified,Deep subsurface,K_Offshore_40_m2_103
3300006639,40.178,-81.073,Environmental,Terrestrial,Unclassified,Deep subsurface,K_Offshore_40_m2_103
3300007162,40.178,-81.073,Environmental,Terrestrial,Unclassified,Deep subsurface,K_Offshore_40_m2_103
3300006862,40.178,-81.073,Environmental,Terrestrial,Unclassified,Deep subsurface,K_Offshore_40_m2_103
3300017649,37.83,-122.29,Environmental,Terrestrial,None,Soil,K_Offshore_40_m2_103
3300017540,37.83,-122.29,Environmental,Terrestrial,None,Soil,K_Offshore_40_m2_103
3300013123,-1.64,29.05,Environmental,Aquatic,Lake,Freshwater,K_Offshore_40_m2_103
3300021604,37.8719,-122.2585,Engineered,Bioreactor,None,Anaerobic,K_Offshore_40_m2_103
3300004572,48.3807,-122.1599,Environmental,Aquatic,Sediment,Freshwater,K_Offshore_40_m2_103
3300004588,48.3807,-122.1599,Environmental,Aquatic,Sediment,Freshwater,K_Offshore_40_m2_103
3300020198,-6.1786,29.658,Environmental,Aquatic,Lake,Freshwater,K_Offshore_40_m2_103
3300005289,42.794771,-84.393804,Host-associated,Plants,Unclassified,Rhizoplane,K_Offshore_40_m2_103
3300017653,37.83,-122.29,Environmental,Terrestrial,None,Soil,K_Offshore_40_m2_103
3300020204,-6.4662,29.9408,Environmental,Aquatic,Lake,Freshwater,K_Offshore_40_m2_103
3300005659,48.3,16.2,Engineered,Wastewater,Unclassified,Activated Sludge,K_Offshore_40_m2_103
2199352012,38.5402727,-121.7500776,Engineered,Solid waste,Grass,Composting,K_Offshore_40_m2_103
3300005286,38.5402727,-121.7500776,Engineered,Solid waste,Grass,Composting,K_Offshore_40_m2_103
3300010370,39.2637,-76.0017,Environmental,Aquatic,Coastal,Marine,K_Offshore_40_m2_103
3300004591,48.3807,-122.1599,Environmental,Aquatic,Sediment,Freshwater,K_Offshore_40_m2_103
3300012469,38.97364,-123.117453,Host-associated,Plants,Epiphytes,Phylloplane,K_Offshore_40_m2_103
3300013097,-78.0749,163.892,Environmental,Aquatic,Ice,Freshwater,K_Offshore_40_m2_103
3300012921,38.5733,-109.5498,Environmental,Terrestrial,Unclassified,Soil,K_Offshore_40_m2_103
3300009540,48.3,16.2,Engineered,Wastewater,Unclassified,Activated Sludge,K_Offshore_40_m2_103
3300005524,40.7999,-76.3402,Environmental,Terrestrial,Unclassified,Soil,K_Offshore_40_m2_103
3300011120,42.532967,-72.180244,Environmental,Terrestrial,Loam,Soil,K_Offshore_40_m2_103
3300003366,47.379,7.1648,Environmental,Terrestrial,Clay,Deep subsurface,K_Offshore_40_m2_103
3300007189,48.3,16.2,Engineered,Wastewater,Unclassified,Activated Sludge,K_Offshore_40_m2_103
3300004587,48.3807,-122.1599,Environmental,Aquatic,Sediment,Freshwater,K_Offshore_40_m2_103
3300006195,35.8444,-83.9599,Host-associated,Plants,Unclassified,Endosphere,K_Offshore_40_m2_103
3300009500,47.5028,-93.4828,Host-associated,Plants,Unclassified,Peat moss,K_Offshore_40_m2_103
3300005987,43.023,-87.895,Engineered,Wastewater,Unclassified,Nutrient removal,K_Offshore_40_m2_103
3300003765,43.076217,-89.411742,Engineered,Wastewater,Biological phosphorus removal,Nutrient removal,K_Offshore_40_m2_103
3300009517,43.076217,-89.411742,Engineered,Wastewater,Biological phosphorus removal,Nutrient removal,K_Offshore_40_m2_103
3300003764,43.076217,-89.411742,Engineered,Wastewater,Biological phosphorus removal,Nutrient removal,K_Offshore_40_m2_103
3300003770,43.076217,-89.411742,Engineered,Wastewater,Biological phosphorus removal,Nutrient removal,K_Offshore_40_m2_103
3300004574,48.3807,-122.1599,Environmental,Aquatic,Sediment,Freshwater,K_Offshore_40_m2_103
3300021517,-2.651,121.2318,Environmental,Aquatic,Lake,Freshwater,K_Offshore_40_m2_103
3300020074,-6.1786,29.658,Environmental,Aquatic,Lake,Freshwater,K_Offshore_40_m2_103
3300007241,43.023,-87.895,Engineered,Wastewater,Unclassified,Nutrient removal,K_Offshore_40_m2_103
3300001680,-20.054108,-176.133522,Environmental,Aquatic,Hydrothermal vents,Marine,K_Offshore_40_m2_103
3300013020,39.6017,-79.9761,Environmental,Terrestrial,None,Deep subsurface,K_Offshore_40_m2_103
3300006720,19.99,-52.64,Environmental,Aquatic,Oceanic,Marine,K_Offshore_40_m2_103
3300022563,36.96,-116.72,Environmental,Aquatic,Hot (42-90C),Thermal springs,K_Offshore_40_m2_103
3300015371,35.9,-79.05,Host-associated,Plants,Unclassified,Rhizoplane,K_Offshore_40_m2_103
3300006378,39.283,-75.3633,Environmental,Aquatic,Coastal,Marine,K_Offshore_40_m2_103
3300005974,48.973481,-119.476345,Environmental,Aquatic,Hypersaline,Non-marine Saline and Alkaline,K_Offshore_40_m2_103
3300005141,48.972613,-119.477608,Environmental,Aquatic,Hypersaline,Non-marine Saline and Alkaline,K_Offshore_40_m2_103
3300005976,48.973481,-119.476345,Environmental,Aquatic,Hypersaline,Non-marine Saline and Alkaline,K_Offshore_40_m2_103
3300005957,48.973481,-119.476345,Environmental,Aquatic,Hypersaline,Non-marine Saline and Alkaline,K_Offshore_40_m2_103
3300005140,48.972613,-119.477608,Environmental,Aquatic,Hypersaline,Non-marine Saline and Alkaline,K_Offshore_40_m2_103
3300005973,48.973481,-119.476345,Environmental,Aquatic,Hypersaline,Non-marine Saline and Alkaline,K_Offshore_40_m2_103
3300004589,48.3807,-122.1599,Environmental,Aquatic,Sediment,Freshwater,K_Offshore_40_m2_103
3300006068,44.761133,-110.7309,Environmental,Aquatic,Hot (42-90C),Thermal springs,K_Offshore_40_m2_103
3300006016,48.972613,-119.477608,Environmental,Aquatic,Hypersaline,Non-marine Saline and Alkaline,K_Offshore_40_m2_103
2010170003,44.6,-110.9,Environmental,Aquatic,Hot (42-90C),Thermal springs,K_Offshore_40_m2_103
3300006364,39.283,-75.3633,Environmental,Aquatic,Coastal,Marine,K_Offshore_40_m2_103
3300005607,40.7999,-76.3402,Environmental,Terrestrial,Unclassified,Soil,K_Offshore_40_m2_103
3300020195,-77.5281,161.59,Environmental,Aquatic,Lake,Freshwater,K_Offshore_40_m2_103
3300010373,42.3938,-85.3708,Environmental,Terrestrial,None,Soil,K_Offshore_40_m2_103
3300005531,40.7999,-76.3402,Environmental,Terrestrial,Unclassified,Soil,K_Offshore_40_m2_103
3300021515,-77.5281,161.59,Environmental,Aquatic,Lake,Freshwater,K_Offshore_40_m2_103
3300020596,-77.5281,161.59,Environmental,Aquatic,Lake,Freshwater,K_Offshore_40_m2_103
3300020201,-77.5281,161.59,Environmental,Aquatic,Lake,Freshwater,K_Offshore_40_m2_103
3300007607,48.3,16.2,Engineered,Wastewater,Unclassified,Activated Sludge,K_Offshore_40_m2_103
3300005323,35.992,-106.0797,Engineered,Bioremediation,Tetrachloroethylene,Tetrachloroethylene and derivatives,K_Offshore_40_m2_103
3300006674,59.185359,10.970104,Engineered,Bioreactor,None,Continuous culture,K_Offshore_40_m2_103
3300004970,50.13,11.88,Environmental,Terrestrial,Unclassified,Soil,K_Offshore_40_m2_103
3300006355,39.283,-75.3633,Environmental,Aquatic,None,Freshwater,K_Offshore_40_m2_103
3300008007,38.9383,-110.1342,Environmental,Aquatic,Groundwater,Freshwater,K_Offshore_40_m2_103
3300021357,43.5566,-103.4781,Environmental,Aquatic,Lake,Freshwater,K_Offshore_40_m2_103
3300006162,41.170727,-78.4726,Environmental,Aquatic,Unclassified,Sediment,K_Offshore_40_m2_103
3300014883,38.9227,-106.9515,Environmental,Aquatic,None,Sediment,K_Offshore_40_m2_103
3300018075,38.9195,-106.9496,Environmental,Aquatic,None,Sediment,K_Offshore_40_m2_103
3300014884,38.9229,-106.9517,Environmental,Aquatic,None,Sediment,K_Offshore_40_m2_103
3300012675,38.9226,-106.9518,Environmental,Aquatic,None,Sediment,K_Offshore_40_m2_103
3300007253,43.023,-87.895,Engineered,Wastewater,Unclassified,Nutrient removal,K_Offshore_40_m2_103
3300018056,38.9195,-106.9496,Environmental,Aquatic,None,Sediment,K_Offshore_40_m2_103
3300012174,38.9228,-106.9515,Environmental,Aquatic,None,Sediment,K_Offshore_40_m2_103
3300018084,38.9195,-106.9496,Environmental,Aquatic,None,Sediment,K_Offshore_40_m2_103
3300018078,38.9195,-106.9496,Environmental,Aquatic,None,Sediment,K_Offshore_40_m2_103
3300021081,38.9208,-106.9484,Environmental,Aquatic,Sediment,Freshwater,K_Offshore_40_m2_103
3300014885,38.9229,-106.9516,Environmental,Aquatic,None,Sediment,K_Offshore_40_m2_103
3300015254,38.9226,-106.9518,Environmental,Aquatic,None,Sediment,K_Offshore_40_m2_103
3300014882,38.9225,-106.9515,Environmental,Aquatic,None,Sediment,K_Offshore_40_m2_103
3300021090,38.9208,-106.9484,Environmental,Aquatic,Sediment,Freshwater,K_Offshore_40_m2_103
3300017997,38.9195,-106.9496,Environmental,Aquatic,None,Sediment,K_Offshore_40_m2_103
3300013132,-1.64,29.05,Environmental,Aquatic,Lake,Freshwater,K_Offshore_40_m2_103
3300014838,68.35,19.05,Environmental,Terrestrial,Wetlands,Soil,K_Offshore_40_m2_103
3300009788,1.759,96.774,Environmental,Aquatic,Oceanic,Marine,K_Offshore_40_m2_103
3300022545,40.653,-119.3749,Environmental,Aquatic,Hot (42-90C),Thermal springs,K_Offshore_40_m2_103
3300021409,29.6703,-81.2145,Environmental,Aquatic,Coastal,Marine,K_Offshore_40_m2_103
3300020153,40.6614,-119.3661,Environmental,Aquatic,Hot (42-90C),Thermal springs,K_Offshore_40_m2_103
3300006051,35.8443,-83.9607,Host-associated,Plants,Unclassified,Endosphere,K_Offshore_40_m2_103
3300021388,-19.2822,-43.5936,Host-associated,Plants,None,Roots,K_Offshore_40_m2_103
3300009030,-32.8507,-177.6629,Environmental,Aquatic,Oceanic,Marine,K_Offshore_40_m2_103
3300021416,29.6703,-81.2145,Environmental,Aquatic,Coastal,Marine,K_Offshore_40_m2_103
3300009591,40.653,-119.3749,Environmental,Aquatic,Hot (42-90C),Thermal springs,K_Offshore_40_m2_103
3300006865,60.1987,-125.5127,Environmental,Aquatic,Sediment,Thermal springs,K_Offshore_40_m2_103
3300019878,38.9355,-106.9424,Environmental,Terrestrial,None,Soil,K_Offshore_40_m2_103
3300021518,-2.651,121.2318,Environmental,Aquatic,Lake,Freshwater,K_Offshore_40_m2_103
3300023179,34.2611,-83.95,Environmental,Aquatic,Lake,Freshwater,K_Offshore_40_m2_103
3300013296,42.3948,-85.3738,Host-associated,Plants,None,Rhizosphere,K_Offshore_40_m2_103
3300012521,43.726,-72.1429,Engineered,Bioreactor,None,Unclassified,K_Offshore_40_m2_103
3300010268,43.726,-72.1429,Engineered,Bioreactor,None,Unclassified,K_Offshore_40_m2_103
3300010276,43.726,-72.1429,Engineered,Bioreactor,None,Unclassified,K_Offshore_40_m2_103
3300022177,42.4447,-76.485,Engineered,Modeled,None,Simulated communities (microbial mixture),K_Offshore_40_m2_103
3300009139,-34.3456,-178.1771,Environmental,Aquatic,Oceanic,Marine,K_Offshore_40_m2_103
3300022181,42.4447,-76.485,Engineered,Modeled,None,Simulated communities (microbial mixture),K_Offshore_40_m2_103
3300010428,43.726,-72.1429,Engineered,Bioreactor,None,Unclassified,K_Offshore_40_m2_103
3300015964,36.96,-116.72,Environmental,Aquatic,Groundwater,Freshwater,K_Offshore_40_m2_103
3300018326,37.4127,-118.504,Environmental,Aquatic,Hot (42-90C),Thermal springs,K_Offshore_40_m2_103
3300004586,48.3807,-122.1599,Environmental,Aquatic,Sediment,Freshwater,K_Offshore_40_m2_103
3300018384,37.4127,-118.504,Environmental,Aquatic,Hot (42-90C),Thermal springs,K_Offshore_40_m2_103
3300018339,37.4127,-118.504,Environmental,Aquatic,Hot (42-90C),Thermal springs,K_Offshore_40_m2_103
3300006038,35.8443,-83.9607,Host-associated,Plants,Unclassified,Endosphere,K_Offshore_40_m2_103
3300006048,35.8443,-83.9607,Host-associated,Plants,Unclassified,Endosphere,K_Offshore_40_m2_103
3300006042,35.8444,-83.9599,Host-associated,Plants,Unclassified,Endosphere,K_Offshore_40_m2_103
3300006423,68.6135,-149.3144,Environmental,Terrestrial,Wetlands,Soil,K_Offshore_40_m2_103
3300023090,68.3532,19.0475,Environmental,Terrestrial,None,Peat,K_Offshore_40_m2_103
3300009504,38.7,-118.7,Environmental,Aquatic,Sediment,Freshwater,K_Offshore_40_m2_103
3300009777,52.2278,5.919,Environmental,Aquatic,Drinking water,Freshwater,K_Offshore_40_m2_103
3300008086,38.9383,-110.1342,Environmental,Aquatic,Groundwater,Freshwater,K_Offshore_40_m2_103
3300008094,38.9383,-110.1342,Environmental,Aquatic,Groundwater,Freshwater,K_Offshore_40_m2_103
3300005362,8.956944,-68.299167,Host-associated,Birds,Crop,Digestive system,K_Offshore_40_m2_103
3300005366,42.3948,-85.3738,Host-associated,Plants,Soil,Rhizosphere,K_Offshore_40_m2_103
3300008001,38.9383,-110.1342,Environmental,Aquatic,Groundwater,Freshwater,K_Offshore_40_m2_103
3300005279,8.956944,-68.299167,Host-associated,Birds,Crop,Digestive system,K_Offshore_40_m2_103
3300005284,8.956944,-68.299167,Host-associated,Birds,Crop,Digestive system,K_Offshore_40_m2_103
3300007961,40.178,-81.073,Environmental,Terrestrial,Unclassified,Deep subsurface,K_Offshore_40_m2_103
3300015360,-77.5281,161.59,Environmental,Aquatic,Lake,Freshwater,K_Offshore_40_m2_103
3300020192,-77.5281,161.59,Environmental,Aquatic,Lake,Freshwater,K_Offshore_40_m2_103
3300008009,38.9383,-110.1342,Environmental,Aquatic,Groundwater,Freshwater,K_Offshore_40_m2_103
3300005445,42.3948,-85.3738,Environmental,Terrestrial,Loam,Soil,K_Offshore_40_m2_103
3300008010,38.9383,-110.1342,Environmental,Aquatic,Groundwater,Freshwater,K_Offshore_40_m2_103
3300020057,-77.5281,161.59,Environmental,Aquatic,Lake,Freshwater,K_Offshore_40_m2_103
3300008020,38.9383,-110.1342,Environmental,Aquatic,Groundwater,Freshwater,K_Offshore_40_m2_103
3300008011,38.9383,-110.1342,Environmental,Aquatic,Groundwater,Freshwater,K_Offshore_40_m2_103
3300007964,38.9383,-110.1342,Environmental,Aquatic,Groundwater,Freshwater,K_Offshore_40_m2_103
3300008004,38.9383,-110.1342,Environmental,Aquatic,Groundwater,Freshwater,K_Offshore_40_m2_103
3300020164,49.659,-93.748,Environmental,Aquatic,Lake,Freshwater,K_Offshore_40_m2_103
3300014161,47.1149,-88.5476,Environmental,Aquatic,Wetlands,Freshwater,K_Offshore_40_m2_103
3300007965,38.9383,-110.1342,Environmental,Aquatic,Groundwater,Freshwater,K_Offshore_40_m2_103
3300005236,38.9383,-110.1342,Environmental,Aquatic,Groundwater,Freshwater,K_Offshore_40_m2_103
3300020203,-77.5281,161.59,Environmental,Aquatic,Lake,Freshwater,K_Offshore_40_m2_103
3300020213,-77.5281,161.59,Environmental,Aquatic,Lake,Freshwater,K_Offshore_40_m2_103
3300003830,38.9383,-110.1342,Environmental,Aquatic,Groundwater,Freshwater,K_Offshore_40_m2_103
3300008008,38.9383,-110.1342,Environmental,Aquatic,Groundwater,Freshwater,K_Offshore_40_m2_103
3300020146,33.305,-116.2547,Environmental,Terrestrial,Sand,Soil,K_Offshore_40_m2_103
3300020219,-77.5281,161.59,Environmental,Aquatic,Lake,Freshwater,K_Offshore_40_m2_103
3300015255,38.923,-106.9516,Environmental,Aquatic,None,Sediment,K_Offshore_40_m2_103
3300022547,39.0314,-122.4323,Environmental,Aquatic,Hot (42-90C),Thermal springs,K_Offshore_40_m2_103
3300010291,39.0314,-122.4323,Environmental,Aquatic,Hot (42-90C),Thermal springs,K_Offshore_40_m2_103
3300017436,42.39,-85.37,Host-associated,Plants,None,Phyllosphere,K_Offshore_40_m2_103
3300015259,38.9229,-106.9517,Environmental,Aquatic,None,Sediment,K_Offshore_40_m2_103
3300007985,38.9383,-110.1342,Environmental,Aquatic,Groundwater,Freshwater,K_Offshore_40_m2_103
3300008005,38.9383,-110.1342,Environmental,Aquatic,Groundwater,Freshwater,K_Offshore_40_m2_103
3300007986,38.9383,-110.1342,Environmental,Aquatic,Groundwater,Freshwater,K_Offshore_40_m2_103
3300005534,40.7999,-76.3402,Environmental,Terrestrial,Unclassified,Soil,K_Offshore_40_m2_103
3300008095,38.9383,-110.1342,Environmental,Aquatic,Groundwater,Freshwater,K_Offshore_40_m2_103
3300008093,38.9383,-110.1342,Environmental,Aquatic,Groundwater,Freshwater,K_Offshore_40_m2_103
3300009424,38.9383,-110.1342,Environmental,Aquatic,Groundwater,Freshwater,K_Offshore_40_m2_103
3300009004,38.9383,-110.1342,Environmental,Aquatic,Groundwater,Freshwater,K_Offshore_40_m2_103
3300008017,38.9383,-110.1342,Environmental,Aquatic,Groundwater,Freshwater,K_Offshore_40_m2_103
3300008085,38.9383,-110.1342,Environmental,Aquatic,Groundwater,Freshwater,K_Offshore_40_m2_103
3300008018,38.9383,-110.1342,Environmental,Aquatic,Groundwater,Freshwater,K_Offshore_40_m2_103
3300007988,38.9383,-110.1342,Environmental,Aquatic,Groundwater,Freshwater,K_Offshore_40_m2_103
3300008002,38.9383,-110.1342,Environmental,Aquatic,Groundwater,Freshwater,K_Offshore_40_m2_103
3300020214,-4.8915,29.586,Environmental,Aquatic,Lake,Freshwater,K_Offshore_40_m2_103
3300001866,35.992,-106.0797,Engineered,Bioremediation,Tetrachloroethylene,Tetrachloroethylene and derivatives,K_Offshore_40_m2_103
3300010047,9.1086,-79.8436,Environmental,Terrestrial,None,Soil,K_Offshore_40_m2_103
3300008003,38.9383,-110.1342,Environmental,Aquatic,Groundwater,Freshwater,K_Offshore_40_m2_103
3300007354,-44.0341666,-103.765833,Environmental,Terrestrial,None,Deep subsurface,K_Offshore_40_m2_103
3300020152,33.3049,-116.2547,Environmental,Terrestrial,Sand,Soil,K_Offshore_40_m2_103
3300014160,47.1149,-88.5476,Environmental,Aquatic,Wetlands,Freshwater,K_Offshore_40_m2_103
3300004476,50.13,11.88,Environmental,Terrestrial,Unclassified,Soil,K_Offshore_40_m2_103
3300020221,-4.9054,29.4853,Environmental,Aquatic,Lake,Freshwater,K_Offshore_40_m2_103
3300013880,54.97825278,-1.61778056,Engineered,Lab enrichment,Anaerobic media,Defined media,K_Offshore_40_m2_103
3300005260,-33.917926,151.235347,Environmental,Terrestrial,Unclassified,Soil,K_Offshore_40_m2_103
3300005238,-33.91794,151.235369,Environmental,Terrestrial,Unclassified,Soil,K_Offshore_40_m2_103
3300016630,53.7598,107.9791,Environmental,Aquatic,Sediment,Freshwater,K_Offshore_40_m2_103
3300004585,48.3807,-122.1599,Environmental,Aquatic,Sediment,Freshwater,K_Offshore_40_m2_103
3300005281,38.5402727,-121.7500776,Engineered,Solid waste,Grass,Composting,K_Offshore_40_m2_103
3300016428,53.7598,107.9791,Environmental,Aquatic,Sediment,Freshwater,K_Offshore_40_m2_103
3300016403,53.7598,107.9791,Environmental,Aquatic,Sediment,Freshwater,K_Offshore_40_m2_103
3300020020,38.8827,-106.9107,Environmental,Terrestrial,None,Soil,K_Offshore_40_m2_103
3300009166,47.0991,-99.1044,Environmental,Aquatic,Sediment,Freshwater,K_Offshore_40_m2_103
3300005067,55.49,7.42,Environmental,Aquatic,Unclassified,Unclassified,K_Offshore_40_m2_103
3300015052,39.7291,-123.6419,Environmental,Terrestrial,None,Soil,K_Offshore_40_m2_103
3300017651,37.83,-122.29,Environmental,Terrestrial,None,Soil,K_Offshore_40_m2_103
3300017565,37.83,-122.29,Environmental,Terrestrial,None,Soil,K_Offshore_40_m2_103
3300016616,53.7598,107.9791,Environmental,Aquatic,Sediment,Freshwater,K_Offshore_40_m2_103
3300006178,35.8444,-83.9599,Host-associated,Plants,Unclassified,Endosphere,K_Offshore_40_m2_103
3300018005,47.5028,-93.4828,Environmental,Aquatic,Wetlands,Freshwater,K_Offshore_40_m2_103
3300005843,42.3948,-85.3738,Host-associated,Plants,Epiphytes,Rhizoplane,K_Offshore_40_m2_103
3300016628,53.7598,107.9791,Environmental,Aquatic,Sediment,Freshwater,K_Offshore_40_m2_103
3300021372,-19.28,-43.5919,Environmental,Terrestrial,None,Soil,K_Offshore_40_m2_103
3300018053,38.9195,-106.9496,Environmental,Aquatic,None,Sediment,K_Offshore_40_m2_103
3300009481,36.5264,25.4868,Environmental,Aquatic,Volcanic,Marine,K_Offshore_40_m2_103
3300009703,36.5275,25.4871,Environmental,Aquatic,Volcanic,Marine,K_Offshore_40_m2_103
3300009943,44.71538,-110.73627,Environmental,Aquatic,Hot (42-90C),Thermal springs,K_Offshore_40_m2_103
3300022226,38.03,-122.37,Environmental,Aquatic,Sediment,Marine,K_Offshore_40_m2_103
3300014873,38.9224,-106.9518,Environmental,Aquatic,None,Sediment,K_Offshore_40_m2_103
3300017655,37.83,-122.29,Environmental,Terrestrial,None,Soil,K_Offshore_40_m2_103
3300001594,50.033333,-110.666667,Engineered,Wastewater,Petrochemical,Industrial wastewater,K_Offshore_40_m2_103
3300001592,50.033333,-110.666667,Engineered,Wastewater,Petrochemical,Industrial wastewater,K_Offshore_40_m2_103
3300017680,42.39,-85.37,Host-associated,Plants,None,Phyllosphere,K_Offshore_40_m2_103
3300009053,47.0991,-99.1044,Environmental,Aquatic,Sediment,Freshwater,K_Offshore_40_m2_103
3300014839,68.35,19.05,Environmental,Terrestrial,Wetlands,Soil,K_Offshore_40_m2_103
3300005903,38.1087,-121.653,Environmental,Terrestrial,Wetlands,Soil,K_Offshore_40_m2_103
3300014496,68.35,19.05,Environmental,Terrestrial,Wetlands,Soil,K_Offshore_40_m2_103
3300005839,44.963,-110.715,Environmental,Aquatic,Hot (42-90C),Thermal springs,K_Offshore_40_m2_103
3300009698,50.1318,11.881,Environmental,Terrestrial,Unclassified,Soil,K_Offshore_40_m2_103
3300006090,-13.71,-81.389,Environmental,Aquatic,Oceanic,Marine,K_Offshore_40_m2_103
3300018085,4.0627,-73.195,Environmental,Terrestrial,Wetlands,Soil,K_Offshore_40_m2_103
3300010379,50.1318,11.881,Environmental,Terrestrial,Unclassified,Soil,K_Offshore_40_m2_103
3300022885,-68.4725,78.188,Environmental,Aquatic,Saline,Non-marine Saline and Alkaline,K_Offshore_40_m2_103
3300010273,43.726,-72.1429,Engineered,Bioreactor,None,Unclassified,K_Offshore_40_m2_103
3300009838,40.3,-88.15,Engineered,Wastewater,Unclassified,Anaerobic digestor,K_Offshore_40_m2_103
3300021560,9.1086,-79.8436,Environmental,Terrestrial,None,Soil,K_Offshore_40_m2_103
3300010331,81.017,-81.583,Environmental,Aquatic,Ice,Freshwater,K_Offshore_40_m2_103
3300021602,49.697,-93.722,Environmental,Aquatic,Lake,Freshwater,K_Offshore_40_m2_103
3300022561,81.017,-81.583,Environmental,Aquatic,Ice,Freshwater,K_Offshore_40_m2_103
3300021060,42.39,-85.37,Host-associated,Plants,None,Phyllosphere,K_Offshore_40_m2_103
3300014494,68.35,19.05,Environmental,Terrestrial,Wetlands,Soil,K_Offshore_40_m2_103
3300020193,-4.8915,29.586,Environmental,Aquatic,Lake,Freshwater,K_Offshore_40_m2_103
3300009720,43.77,142.37,Engineered,Wastewater,Unclassified,Anaerobic digestor,K_Offshore_40_m2_103
3300005860,44.376,-110.69,Environmental,Aquatic,Alkaline,Non-marine Saline and Alkaline,K_Offshore_40_m2_103
3300009774,81.017,-81.583,Environmental,Aquatic,Ice,Freshwater,K_Offshore_40_m2_103
3300009695,81.017,-81.583,Environmental,Aquatic,Ice,Freshwater,K_Offshore_40_m2_103
3300017973,3.8381,-73.3194,Environmental,Terrestrial,Wetlands,Soil,K_Offshore_40_m2_103
3300010376,9.1086,-79.8436,Environmental,Terrestrial,None,Soil,K_Offshore_40_m2_103
3300018469,41.136,-111.9047,Environmental,Terrestrial,None,Soil,K_Offshore_40_m2_103
3300009686,81.017,-81.583,Environmental,Aquatic,Ice,Freshwater,K_Offshore_40_m2_103
3300013104,42.3948,-85.3738,Host-associated,Plants,None,Rhizosphere,K_Offshore_40_m2_103
3300006196,35.8444,-83.9599,Host-associated,Plants,Unclassified,Rhizosphere,K_Offshore_40_m2_103
3300019788,68.35,19.05,Environmental,Terrestrial,Wetlands,Soil,K_Offshore_40_m2_103
3300002491,44.534,-110.7978,Environmental,Aquatic,Hot (42-90C),Thermal springs,K_Offshore_40_m2_103
3300005713,9.1086,-79.8436,Environmental,Terrestrial,Loam,Soil,K_Offshore_40_m2_103
3300021407,42.481016,-72.178343,Environmental,Terrestrial,Unclassified,Soil,K_Offshore_40_m2_103
3300009081,47.0956,-99.1001,Environmental,Aquatic,Sediment,Freshwater,K_Offshore_40_m2_103
3300009146,47.0956,-99.1001,Environmental,Aquatic,Sediment,Freshwater,K_Offshore_40_m2_103
3300021374,-19.28,-43.5919,Environmental,Terrestrial,None,Rock-dwelling (subaerial biofilms),K_Offshore_40_m2_103
3300017691,42.39,-85.37,Host-associated,Plants,None,Phyllosphere,K_Offshore_40_m2_103
3300017682,42.39,-85.37,Host-associated,Plants,None,Phyllosphere,K_Offshore_40_m2_103
3300017685,42.39,-85.37,Host-associated,Plants,None,Phyllosphere,K_Offshore_40_m2_103
3300009768,22.28,114.17,Engineered,Wastewater,Unclassified,Anaerobic digestor,K_Offshore_40_m2_103
3300022208,38.05,-121.934,Environmental,Aquatic,Sediment,Marine,K_Offshore_40_m2_103
3300009716,22.28,114.17,Engineered,Wastewater,Unclassified,Anaerobic digestor,K_Offshore_40_m2_103
3300009157,47.0956,-99.1001,Environmental,Aquatic,Sediment,Freshwater,K_Offshore_40_m2_103
3300009078,47.0991,-99.1044,Environmental,Aquatic,Sediment,Freshwater,K_Offshore_40_m2_103
3300005353,42.3948,-85.3738,Host-associated,Plants,Soil,Rhizosphere,K_Offshore_40_m2_103
3300012940,37.83,-122.29,Environmental,Terrestrial,None,Soil,K_Offshore_40_m2_103
3300005573,44.611006,-110.440182,Environmental,Aquatic,Hot (42-90C),Thermal springs,K_Offshore_40_m2_103
3300009171,47.0991,-99.1044,Environmental,Aquatic,Sediment,Freshwater,K_Offshore_40_m2_103
3300010328,-2.75,121.05,Environmental,Aquatic,Lake,Freshwater,K_Offshore_40_m2_103
3300009153,47.0991,-99.1044,Environmental,Aquatic,Sediment,Freshwater,K_Offshore_40_m2_103
3300009087,47.0991,-99.1044,Environmental,Aquatic,Sediment,Freshwater,K_Offshore_40_m2_103
3300001101,48.973481,-119.476345,Environmental,Aquatic,Hypersaline,Non-marine Saline and Alkaline,K_Offshore_40_m2_103
3300000910,48.973481,-119.476345,Environmental,Aquatic,Hypersaline,Non-marine Saline and Alkaline,K_Offshore_40_m2_103
3300000986,48.973481,-119.476345,Environmental,Aquatic,Hypersaline,Non-marine Saline and Alkaline,K_Offshore_40_m2_103
3300001112,48.973481,-119.476345,Environmental,Aquatic,Hypersaline,Non-marine Saline and Alkaline,K_Offshore_40_m2_103
3300022551,-2.75,121.05,Environmental,Aquatic,Lake,Freshwater,K_Offshore_40_m2_103
3300002122,39.53,-107.78,Environmental,Terrestrial,Loam,Soil,K_Offshore_40_m2_103
3300002066,71.28381,-156.5985,Environmental,Terrestrial,Unclassified,Soil,K_Offshore_40_m2_103
3300009083,-77.605,163.163,Environmental,Aquatic,Ice,Freshwater,K_Offshore_40_m2_103
3300005081,55.49,7.42,Environmental,Aquatic,Unclassified,Unclassified,K_Offshore_40_m2_103
3300011112,12.6311,144.7214,Environmental,Aquatic,Oceanic,Marine,K_Offshore_40_m2_103
3300005086,55.49,7.42,Environmental,Aquatic,Unclassified,Unclassified,K_Offshore_40_m2_103
3300005068,55.49,7.42,Environmental,Aquatic,Unclassified,Unclassified,K_Offshore_40_m2_103
3300001870,71.28381,-156.5985,Environmental,Terrestrial,Unclassified,Soil,K_Offshore_40_m2_103
3300010269,43.726,-72.1429,Engineered,Bioreactor,None,Unclassified,K_Offshore_40_m2_103
3300000515,37.569083,-122.103267,Environmental,Aquatic,None,Marine,K_Offshore_40_m2_103
3300004592,50.13,11.88,Environmental,Terrestrial,Unclassified,Soil,K_Offshore_40_m2_103
3300000567,50.13,11.88,Environmental,Terrestrial,Unclassified,Soil,K_Offshore_40_m2_103
3300018476,45.6356,-110.571,Environmental,Terrestrial,None,Soil,K_Offshore_40_m2_103
3300017975,4.0627,-73.195,Environmental,Terrestrial,Wetlands,Soil,K_Offshore_40_m2_103
3300005078,55.49,7.42,Environmental,Aquatic,Unclassified,Unclassified,K_Offshore_40_m2_103
3300009194,39.849,-81.036,Environmental,Terrestrial,Unclassified,Deep subsurface,K_Offshore_40_m2_103
3300006930,41.3769,-82.5172,Environmental,Terrestrial,Unclassified,Deep subsurface,K_Offshore_40_m2_103
3300007323,48.3,16.2,Engineered,Wastewater,Unclassified,Activated Sludge,K_Offshore_40_m2_103
3300018062,4.0627,-73.195,Environmental,Terrestrial,Wetlands,Soil,K_Offshore_40_m2_103
3300018465,33.5944,-109.1397,Environmental,Terrestrial,None,Soil,K_Offshore_40_m2_103
3300006194,35.8443,-83.9607,Host-associated,Plants,Unclassified,Rhizosphere,K_Offshore_40_m2_103
3300005062,55.49,7.42,Environmental,Aquatic,Unclassified,Unclassified,K_Offshore_40_m2_103
3300005561,39.7392,-123.6308,Environmental,Terrestrial,Unclassified,Soil,K_Offshore_40_m2_103
3300006359,44.963,-110.715,Environmental,Aquatic,Hot (42-90C),Thermal springs,K_Offshore_40_m2_103
3300023014,40.5452,-123.5105,Environmental,Terrestrial,Unclassified,Soil,K_Offshore_40_m2_103
3300017417,42.39,-85.37,Host-associated,Plants,None,Phyllosphere,K_Offshore_40_m2_103
3300012204,39.5673,-123.4758,Environmental,Terrestrial,None,Soil,K_Offshore_40_m2_103
3300006854,35.8444,-83.9599,Host-associated,Plants,Unclassified,Rhizosphere,K_Offshore_40_m2_103
3300004503,50.13,11.88,Environmental,Terrestrial,Unclassified,Soil,K_Offshore_40_m2_103
3300000754,39.100992,-96.608258,Environmental,Terrestrial,Loam,Soil,K_Offshore_40_m2_103
3300002531,38.5402,-121.75,Engineered,Lab enrichment,Unclassified,Defined media,K_Offshore_40_m2_103
3300002523,38.5402,-121.75,Engineered,Lab enrichment,Unclassified,Defined media,K_Offshore_40_m2_103
3300018426,31.972,-81.028,Environmental,Aquatic,Intertidal zone,Marine,K_Offshore_40_m2_103
3300018418,31.972,-81.028,Environmental,Aquatic,Intertidal zone,Marine,K_Offshore_40_m2_103
3300017958,31.972,-81.028,Environmental,Aquatic,Intertidal zone,Marine,K_Offshore_40_m2_103
3300007598,48.3,16.2,Engineered,Wastewater,Unclassified,Activated Sludge,K_Offshore_40_m2_103
3300020180,-77.5281,161.59,Environmental,Aquatic,Lake,Freshwater,K_Offshore_40_m2_103
3300007587,48.3,16.2,Engineered,Wastewater,Unclassified,Activated Sludge,K_Offshore_40_m2_103
3300023258,68.3532,19.0469,Environmental,Terrestrial,None,Peat,K_Offshore_40_m2_103
3300005525,41.69957,-83.2941,Environmental,Aquatic,Lentic,Freshwater,K_Offshore_40_m2_103
3300018032,4.2396,-73.2024,Environmental,Terrestrial,Wetlands,Soil,K_Offshore_40_m2_103
3300017951,31.972,-81.028,Environmental,Aquatic,Intertidal zone,Marine,K_Offshore_40_m2_103
3300005539,42.3948,-85.3738,Host-associated,Plants,Epiphytes,Rhizoplane,K_Offshore_40_m2_103
3300018090,4.0627,-73.195,Environmental,Terrestrial,Wetlands,Soil,K_Offshore_40_m2_103
3300010302,-2.0288,29.1756,Environmental,Aquatic,Lake,Freshwater,K_Offshore_40_m2_103
3300022556,-2.0288,29.1756,Environmental,Aquatic,Lake,Freshwater,K_Offshore_40_m2_103
3300006363,44.539,-110.798,Environmental,Aquatic,Hot (42-90C),Thermal springs,K_Offshore_40_m2_103
3300017957,31.972,-81.028,Environmental,Aquatic,Intertidal zone,Marine,K_Offshore_40_m2_103
3300005493,44.963,-110.715,Environmental,Aquatic,Hot (42-90C),Thermal springs,K_Offshore_40_m2_103
3300017970,4.0627,-73.195,Environmental,Terrestrial,Wetlands,Soil,K_Offshore_40_m2_103
3300010048,9.1086,-79.8436,Environmental,Terrestrial,None,Soil,K_Offshore_40_m2_103
3300009501,43.076217,-89.411742,Engineered,Wastewater,Biological phosphorus removal,Nutrient removal,K_Offshore_40_m2_103
3300018027,38.9195,-106.9496,Environmental,Aquatic,None,Sediment,K_Offshore_40_m2_103
3300004478,50.13,11.88,Environmental,Terrestrial,Unclassified,Soil,K_Offshore_40_m2_103
3300006871,35.8444,-83.9599,Host-associated,Plants,Unclassified,Rhizosphere,K_Offshore_40_m2_103
3300002243,39.53,-107.78,Environmental,Terrestrial,Loam,Soil,K_Offshore_40_m2_103
3300001686,38.99297339,-123.0674491,Environmental,Terrestrial,Loam,Soil,K_Offshore_40_m2_103
3300004559,50.13,11.88,Environmental,Terrestrial,Unclassified,Soil,K_Offshore_40_m2_103
3300009158,48.2311,-71.2508,Environmental,Aquatic,Lake,Freshwater,K_Offshore_40_m2_103
3300014655,47.1149,-88.5476,Environmental,Aquatic,Wetlands,Freshwater,K_Offshore_40_m2_103
3300012156,39.9181,-74.5222,Host-associated,Fungi,None,Mycelium,K_Offshore_40_m2_103
3300017445,42.39,-85.37,Host-associated,Plants,None,Phyllosphere,K_Offshore_40_m2_103
3300007187,48.3,16.2,Engineered,Wastewater,Unclassified,Activated Sludge,K_Offshore_40_m2_103
3300001073,39.53,-107.78,Environmental,Terrestrial,Unclassified,Soil,K_Offshore_40_m2_103
3300023075,68.3533,19.0466,Environmental,Terrestrial,None,Peat,K_Offshore_40_m2_103
3300012080,39.9182,-74.5217,Host-associated,Fungi,None,Mycelium,K_Offshore_40_m2_103
3300021057,33.305,-116.2547,Environmental,Terrestrial,Sand,Soil,K_Offshore_40_m2_103
3300004561,50.13,11.88,Environmental,Terrestrial,Unclassified,Soil,K_Offshore_40_m2_103
3300005367,42.3948,-85.3738,Host-associated,Plants,Soil,Rhizosphere,K_Offshore_40_m2_103
3300017689,42.39,-85.37,Host-associated,Plants,None,Phyllosphere,K_Offshore_40_m2_103
3300021170,42.481016,-72.178343,Environmental,Terrestrial,Unclassified,Soil,K_Offshore_40_m2_103
3300002120,39.53,-107.78,Environmental,Terrestrial,Loam,Soil,K_Offshore_40_m2_103
3300002492,44.534,-110.7978,Environmental,Aquatic,Hot (42-90C),Thermal springs,K_Offshore_40_m2_103
3300013138,-1.64,29.05,Environmental,Aquatic,Lake,Freshwater,K_Offshore_40_m2_103
3300022220,37.79,-122.36,Environmental,Aquatic,Sediment,Marine,K_Offshore_40_m2_103
3300004468,50.13,11.88,Environmental,Terrestrial,Unclassified,Soil,K_Offshore_40_m2_103
3300001356,50.13,11.88,Environmental,Terrestrial,Unclassified,Soil,K_Offshore_40_m2_103
3300000574,43.292222,-73.604444,Environmental,Aquatic,Groundwater,Freshwater,K_Offshore_40_m2_103
3300021341,29.6703,-81.2145,Environmental,Aquatic,Coastal,Marine,K_Offshore_40_m2_103
3300005656,48.3,16.2,Engineered,Wastewater,Unclassified,Activated Sludge,K_Offshore_40_m2_103
3300004968,48.6,-123.5,Environmental,Aquatic,None,Marine,K_Offshore_40_m2_103
3300009162,35.8444,-83.9599,Host-associated,Plants,Unclassified,Rhizosphere,K_Offshore_40_m2_103
3300003852,41.7,-86.23,Environmental,Aquatic,Lentic,Freshwater,K_Offshore_40_m2_103
3300017968,31.972,-81.028,Environmental,Aquatic,Intertidal zone,Marine,K_Offshore_40_m2_103
3300022514,35.016,-96.033,Environmental,Terrestrial,Fracking water,Deep subsurface,K_Offshore_40_m2_103
3300012094,-78.0741,163.8918,Environmental,Aquatic,Ice,Freshwater,K_Offshore_40_m2_103
3300002858,37.873811,-122.250622,Engineered,Lab enrichment,Unclassified,Unclassified,K_Offshore_40_m2_103
3300007588,48.3,16.2,Engineered,Wastewater,Unclassified,Activated Sludge,K_Offshore_40_m2_103
3300009776,40.3,-88.15,Engineered,Wastewater,Unclassified,Anaerobic digestor,K_Offshore_40_m2_103
3300023208,-2.7,121.4042,Environmental,Aquatic,Lake,Freshwater,K_Offshore_40_m2_103
3300012212,38.972988,-123.116539,Host-associated,Plants,Unclassified,Rhizoplane,K_Offshore_40_m2_103
3300006353,35.8444,-83.9599,Host-associated,Plants,Unclassified,Endosphere,K_Offshore_40_m2_103
3300018086,4.0627,-73.195,Environmental,Terrestrial,Wetlands,Soil,K_Offshore_40_m2_103
3300019375,34.4148,-119.8405,Host-associated,Mammals,Fecal,Digestive system,K_Offshore_40_m2_103
3300019767,35.0244,-111.7363,Environmental,Terrestrial,None,Soil,K_Offshore_40_m2_103
3300015252,38.9229,-106.9511,Environmental,Aquatic,None,Sediment,K_Offshore_40_m2_103
3300020183,-6.4446,29.9042,Environmental,Aquatic,Lake,Freshwater,K_Offshore_40_m2_103
3300005841,42.3948,-85.3738,Host-associated,Plants,Epiphytes,Rhizoplane,K_Offshore_40_m2_103
3300022204,38.03,-122.15,Environmental,Aquatic,Sediment,Marine,K_Offshore_40_m2_103
3300014720,-1.64,29.05,Environmental,Aquatic,Lake,Freshwater,K_Offshore_40_m2_103
3300007072,49.9543,-116.5155,Environmental,Aquatic,Sediment,Thermal springs,K_Offshore_40_m2_103
3300013105,42.3948,-85.3738,Host-associated,Plants,None,Rhizosphere,K_Offshore_40_m2_103
3300014499,68.35,19.05,Environmental,Terrestrial,Wetlands,Soil,K_Offshore_40_m2_103
3300005062,55.49,7.42,Environmental,Aquatic,Unclassified,Unclassified,K_Offshore_40_m2_103
3300020198,-6.1786,29.658,Environmental,Aquatic,Lake,Freshwater,M_DeepCastt_65m_m2_071
3300020221,-4.9054,29.4853,Environmental,Aquatic,Lake,Freshwater,M_DeepCastt_65m_m2_071
3300006845,35.8443,-83.9607,Host-associated,Plants,Unclassified,Rhizosphere,M_DeepCastt_65m_m2_071
3300006846,35.8443,-83.9607,Host-associated,Plants,Unclassified,Rhizosphere,M_DeepCastt_65m_m2_071
3300006880,35.8443,-83.9607,Host-associated,Plants,Unclassified,Rhizosphere,M_DeepCastt_65m_m2_071
3300006931,42.3948,-85.3738,Host-associated,Plants,Epiphytes,Rhizoplane,M_DeepCastt_65m_m2_071
3300006844,35.8443,-83.9607,Host-associated,Plants,Unclassified,Rhizosphere,M_DeepCastt_65m_m2_071
3300005617,42.3948,-85.3738,Host-associated,Plants,Epiphytes,Rhizoplane,M_DeepCastt_65m_m2_071
3300018469,41.136,-111.9047,Environmental,Terrestrial,None,Soil,M_DeepCastt_65m_m2_071
3300006847,35.8443,-83.9607,Host-associated,Plants,Unclassified,Rhizosphere,M_DeepCastt_65m_m2_071
3300009094,35.8444,-83.9599,Host-associated,Plants,Unclassified,Rhizosphere,M_DeepCastt_65m_m2_071
3300005365,42.3948,-85.3738,Environmental,Terrestrial,Loam,Soil,M_DeepCastt_65m_m2_071
3300005340,42.3948,-85.3738,Environmental,Terrestrial,Loam,Soil,M_DeepCastt_65m_m2_071
3300006854,35.8444,-83.9599,Host-associated,Plants,Unclassified,Rhizosphere,M_DeepCastt_65m_m2_071
3300013308,42.3948,-85.3738,Host-associated,Plants,None,Rhizosphere,M_DeepCastt_65m_m2_071
3300020034,38.9767,-107.0044,Environmental,Terrestrial,None,Soil,M_DeepCastt_65m_m2_071
3300015371,35.9,-79.05,Host-associated,Plants,Unclassified,Rhizoplane,M_DeepCastt_65m_m2_071
3300009481,36.5264,25.4868,Environmental,Aquatic,Volcanic,Marine,M_DeepCastt_65m_m2_071
3300021081,38.9208,-106.9484,Environmental,Aquatic,Sediment,Freshwater,M_DeepCastt_65m_m2_071
3300013101,27.0151,-111.3798,Environmental,Aquatic,Hydrothermal vents,Marine,M_DeepCastt_65m_m2_071
3300006853,35.8443,-83.9607,Host-associated,Plants,Unclassified,Rhizosphere,M_DeepCastt_65m_m2_071
3300005544,42.3948,-85.3738,Environmental,Terrestrial,Loam,Soil,M_DeepCastt_65m_m2_071
3300009678,38.8898,-106.9077,Environmental,Aquatic,Unclassified,Sediment,M_DeepCastt_65m_m2_071
3300010401,42.3938,-85.3708,Environmental,Terrestrial,None,Soil,M_DeepCastt_65m_m2_071
3300010047,9.1086,-79.8436,Environmental,Terrestrial,None,Soil,M_DeepCastt_65m_m2_071
3300005440,42.3948,-85.3738,Environmental,Terrestrial,Loam,Soil,M_DeepCastt_65m_m2_071
3300005444,42.3948,-85.3738,Environmental,Terrestrial,Loam,Soil,M_DeepCastt_65m_m2_071
3300005471,42.3948,-85.3738,Environmental,Terrestrial,Loam,Soil,M_DeepCastt_65m_m2_071
3300005438,42.3948,-85.3738,Environmental,Terrestrial,Loam,Soil,M_DeepCastt_65m_m2_071
3300009147,35.8443,-83.9607,Host-associated,Plants,Unclassified,Rhizosphere,M_DeepCastt_65m_m2_071
3300004586,48.3807,-122.1599,Environmental,Aquatic,Sediment,Freshwater,M_DeepCastt_65m_m2_071
3300005549,42.3948,-85.3738,Environmental,Terrestrial,Loam,Soil,M_DeepCastt_65m_m2_071
3300005719,42.3948,-85.3738,Host-associated,Plants,Epiphytes,Rhizoplane,M_DeepCastt_65m_m2_071
3300012469,38.97364,-123.117453,Host-associated,Plants,Epiphytes,Phylloplane,M_DeepCastt_65m_m2_071
3300009156,35.8444,-83.9599,Host-associated,Plants,Unclassified,Rhizosphere,M_DeepCastt_65m_m2_071
3300021511,27.0074,-110.591,Environmental,Aquatic,Hydrothermal vents,Marine,M_DeepCastt_65m_m2_071
3300021508,27.0074,-110.591,Environmental,Aquatic,Hydrothermal vents,Marine,M_DeepCastt_65m_m2_071
3300005618,42.3948,-85.3738,Host-associated,Plants,Epiphytes,Rhizoplane,M_DeepCastt_65m_m2_071
3300010403,42.3938,-85.3708,Environmental,Terrestrial,None,Soil,M_DeepCastt_65m_m2_071
3300007076,35.8444,-83.9599,Host-associated,Plants,Unclassified,Rhizosphere,M_DeepCastt_65m_m2_071
3300006904,35.8444,-83.9599,Host-associated,Plants,Unclassified,Rhizosphere,M_DeepCastt_65m_m2_071
3300004556,48.3807,-122.1599,Environmental,Aquatic,Sediment,Freshwater,M_DeepCastt_65m_m2_071
3300012212,38.972988,-123.116539,Host-associated,Plants,Unclassified,Rhizoplane,M_DeepCastt_65m_m2_071
3300012948,9.1086,-79.8436,Environmental,Terrestrial,None,Soil,M_DeepCastt_65m_m2_071
3300009100,35.8443,-83.9607,Host-associated,Plants,Unclassified,Rhizosphere,M_DeepCastt_65m_m2_071
3300005332,9.1086,-79.8436,Environmental,Terrestrial,Loam,Soil,M_DeepCastt_65m_m2_071
3300005713,9.1086,-79.8436,Environmental,Terrestrial,Loam,Soil,M_DeepCastt_65m_m2_071
3300009703,36.5275,25.4871,Environmental,Aquatic,Volcanic,Marine,M_DeepCastt_65m_m2_071
3300007352,44.03416667,-103.7658333,Environmental,Terrestrial,Aquifer,Deep subsurface,M_DeepCastt_65m_m2_071
3300015200,43.3,-89.38,Environmental,Terrestrial,None,Soil,M_DeepCastt_65m_m2_071
3300004587,48.3807,-122.1599,Environmental,Aquatic,Sediment,Freshwater,M_DeepCastt_65m_m2_071
3300006939,-10,-62,Environmental,Terrestrial,Unclassified,Soil,M_DeepCastt_65m_m2_071
3300011416,38.8893,-106.9082,Environmental,Aquatic,None,Sediment,M_DeepCastt_65m_m2_071
3300010046,9.1086,-79.8436,Environmental,Terrestrial,None,Soil,M_DeepCastt_65m_m2_071
3300019362,43.3,-89.38,Environmental,Terrestrial,None,Soil,M_DeepCastt_65m_m2_071
3300006423,68.6135,-149.3144,Environmental,Terrestrial,Wetlands,Soil,M_DeepCastt_65m_m2_071
3300006852,35.8444,-83.9599,Host-associated,Plants,Unclassified,Rhizosphere,M_DeepCastt_65m_m2_071
3300006602,39.283,-75.3633,Environmental,Aquatic,Coastal,Marine,M_DeepCastt_65m_m2_071
3300004589,48.3807,-122.1599,Environmental,Aquatic,Sediment,Freshwater,M_DeepCastt_65m_m2_071
3300005844,42.3948,-85.3738,Host-associated,Plants,Epiphytes,Rhizoplane,M_DeepCastt_65m_m2_071
3300010362,9.1086,-79.8436,Environmental,Terrestrial,None,Soil,M_DeepCastt_65m_m2_071
3300009775,22.28,114.17,Engineered,Wastewater,Unclassified,Anaerobic digestor,M_DeepCastt_65m_m2_071
3300011437,38.8895,-106.9077,Environmental,Aquatic,None,Sediment,M_DeepCastt_65m_m2_071
3300021339,38.9206,-106.9514,Environmental,Terrestrial,None,Soil,M_DeepCastt_65m_m2_071
3300013133,-2.05,29.2062,Environmental,Aquatic,Lake,Freshwater,M_DeepCastt_65m_m2_071
3300020193,-4.8915,29.586,Environmental,Aquatic,Lake,Freshwater,M_DeepCastt_65m_m2_071
3300020197,-4.9054,29.4853,Environmental,Aquatic,Lake,Freshwater,M_DeepCastt_65m_m2_071
3300010879,35.8911,-106.2978,Environmental,Terrestrial,Unclassified,Soil,M_DeepCastt_65m_m2_071
3300010878,35.8911,-106.2978,Environmental,Terrestrial,Unclassified,Soil,M_DeepCastt_65m_m2_071
3300007248,43.023,-87.895,Engineered,Wastewater,Unclassified,Nutrient removal,M_DeepCastt_65m_m2_071
3300010873,35.8911,-106.2978,Environmental,Terrestrial,Unclassified,Soil,M_DeepCastt_65m_m2_071
3300010872,35.8911,-106.2978,Environmental,Terrestrial,Unclassified,Soil,M_DeepCastt_65m_m2_071
3300013087,-13.5167,34.7703,Environmental,Aquatic,Lake,Freshwater,M_DeepCastt_65m_m2_071
3300010043,9.1086,-79.8436,Environmental,Terrestrial,None,Soil,M_DeepCastt_65m_m2_071
3300021082,38.9208,-106.9484,Environmental,Aquatic,Sediment,Freshwater,M_DeepCastt_65m_m2_071
3300007592,48.3,16.2,Engineered,Wastewater,Unclassified,Activated Sludge,M_DeepCastt_65m_m2_071
3300009032,-77.605,163.163,Environmental,Aquatic,Ice,Freshwater,M_DeepCastt_65m_m2_071
3300011013,36.5275,25.4914,Environmental,Aquatic,Volcanic,Marine,M_DeepCastt_65m_m2_071
3300009083,-77.605,163.163,Environmental,Aquatic,Ice,Freshwater,M_DeepCastt_65m_m2_071
3300015360,-77.5281,161.59,Environmental,Aquatic,Lake,Freshwater,M_DeepCastt_65m_m2_071
3300020213,-77.5281,161.59,Environmental,Aquatic,Lake,Freshwater,M_DeepCastt_65m_m2_071
3300020195,-77.5281,161.59,Environmental,Aquatic,Lake,Freshwater,M_DeepCastt_65m_m2_071
3300020200,-6.1786,29.658,Environmental,Aquatic,Lake,Freshwater,M_DeepCastt_65m_m2_071
3300020214,-4.8915,29.586,Environmental,Aquatic,Lake,Freshwater,M_DeepCastt_65m_m2_071
3300020186,-77.5281,161.59,Environmental,Aquatic,Lake,Freshwater,M_DeepCastt_65m_m2_071
3300020192,-77.5281,161.59,Environmental,Aquatic,Lake,Freshwater,M_DeepCastt_65m_m2_071
3300020596,-77.5281,161.59,Environmental,Aquatic,Lake,Freshwater,M_DeepCastt_65m_m2_071
3300020201,-77.5281,161.59,Environmental,Aquatic,Lake,Freshwater,M_DeepCastt_65m_m2_071
3300020180,-77.5281,161.59,Environmental,Aquatic,Lake,Freshwater,M_DeepCastt_65m_m2_071
3300007619,37.4962,-122.1329,Environmental,Terrestrial,Wetlands,Soil,M_DeepCastt_65m_m2_071
3300020203,-77.5281,161.59,Environmental,Aquatic,Lake,Freshwater,M_DeepCastt_65m_m2_071
3300005290,42.406189,-85.40016,Host-associated,Plants,Unclassified,Rhizoplane,M_DeepCastt_65m_m2_071
3300020219,-77.5281,161.59,Environmental,Aquatic,Lake,Freshwater,M_DeepCastt_65m_m2_071
3300005577,42.3948,-85.3738,Host-associated,Plants,Epiphytes,Rhizoplane,M_DeepCastt_65m_m2_071
3300012039,38.8894,-106.9083,Environmental,Aquatic,None,Sediment,M_DeepCastt_65m_m2_071
3300015373,35.9,-79.05,Host-associated,Plants,Unclassified,Rhizoplane,M_DeepCastt_65m_m2_071
3300006366,39.283,-75.3633,Environmental,Aquatic,None,Freshwater,M_DeepCastt_65m_m2_071
3300006755,33.8834,-83.4195,Environmental,Terrestrial,Crop,Soil,M_DeepCastt_65m_m2_071
3300018079,38.9195,-106.9496,Environmental,Aquatic,None,Sediment,M_DeepCastt_65m_m2_071
3300012041,38.8894,-106.9076,Environmental,Aquatic,None,Sediment,M_DeepCastt_65m_m2_071
3300002231,36.5,25.45,Environmental,Aquatic,Hydrothermal vents,Marine,M_DeepCastt_65m_m2_071
3300007213,-28.2362,-38.4949,Environmental,Aquatic,Oceanic,Marine,M_DeepCastt_65m_m2_071
3300005545,42.3948,-85.3738,Environmental,Terrestrial,Loam,Soil,M_DeepCastt_65m_m2_071
3300009597,38.8895,-106.9086,Environmental,Aquatic,Unclassified,Sediment,M_DeepCastt_65m_m2_071
3300007004,41.7655,-111.8143,Environmental,Terrestrial,Crop,Soil,M_DeepCastt_65m_m2_071
3300006373,39.283,-75.3633,Environmental,Aquatic,Coastal,Marine,M_DeepCastt_65m_m2_071
3300013130,-2.05,29.2062,Environmental,Aquatic,Lake,Freshwater,M_DeepCastt_65m_m2_071
3300021364,34.7181,-76.6707,Environmental,Aquatic,Coastal,Marine,M_DeepCastt_65m_m2_071
3300021356,34.7181,-76.6707,Environmental,Aquatic,Coastal,Marine,M_DeepCastt_65m_m2_071
3300013127,-2.05,29.2062,Environmental,Aquatic,Lake,Freshwater,M_DeepCastt_65m_m2_071
3300013129,-2.05,29.2062,Environmental,Aquatic,Lake,Freshwater,M_DeepCastt_65m_m2_071
3300006718,-32.4846,12.4609,Environmental,Aquatic,Oceanic,Marine,M_DeepCastt_65m_m2_071
3300005295,42.794771,-84.393804,Environmental,Terrestrial,Unclassified,Soil,M_DeepCastt_65m_m2_071
3300006711,10.09,-99.25,Environmental,Aquatic,Oceanic,Marine,M_DeepCastt_65m_m2_071
3300013128,-2.05,29.2062,Environmental,Aquatic,Lake,Freshwater,M_DeepCastt_65m_m2_071
3300013126,-1.64,29.05,Environmental,Aquatic,Lake,Freshwater,M_DeepCastt_65m_m2_071
3300010379,50.1318,11.881,Environmental,Terrestrial,Unclassified,Soil,M_DeepCastt_65m_m2_071
3300005436,42.4774,-85.451,Environmental,Terrestrial,Loam,Soil,M_DeepCastt_65m_m2_071
3300012917,39.7291,-123.6419,Environmental,Terrestrial,None,Soil,M_DeepCastt_65m_m2_071
3300010868,9.1086,-79.8436,Environmental,Terrestrial,Loam,Soil,M_DeepCastt_65m_m2_071
3300007253,43.023,-87.895,Engineered,Wastewater,Unclassified,Nutrient removal,M_DeepCastt_65m_m2_071
3300012202,39.7291,-123.6419,Environmental,Terrestrial,None,Soil,M_DeepCastt_65m_m2_071
3300005468,42.3948,-85.3738,Environmental,Terrestrial,Loam,Soil,M_DeepCastt_65m_m2_071
3300003860,41.7,-86.23,Environmental,Aquatic,Lentic,Freshwater,M_DeepCastt_65m_m2_071
3300021089,36.7468,-122.0193,Environmental,Aquatic,Intertidal zone,Marine,M_DeepCastt_65m_m2_071
3300009702,36.5263,25.4867,Environmental,Aquatic,Volcanic,Marine,M_DeepCastt_65m_m2_071
3300011269,39.7291,-123.6419,Environmental,Terrestrial,None,Soil,M_DeepCastt_65m_m2_071
3300021389,34.7181,-76.6707,Environmental,Aquatic,Coastal,Marine,M_DeepCastt_65m_m2_071
3300021371,34.7181,-76.6707,Environmental,Aquatic,Coastal,Marine,M_DeepCastt_65m_m2_071
3300012210,39.5673,-123.4758,Environmental,Terrestrial,None,Soil,M_DeepCastt_65m_m2_071
3300005093,42.4,-85.37,Environmental,Terrestrial,Unclassified,Soil,M_DeepCastt_65m_m2_071
3300006903,35.8444,-83.9599,Host-associated,Plants,Unclassified,Rhizosphere,M_DeepCastt_65m_m2_071
3300011435,38.8893,-106.9078,Environmental,Aquatic,None,Sediment,M_DeepCastt_65m_m2_071
3300012189,39.7291,-123.6419,Environmental,Terrestrial,None,Soil,M_DeepCastt_65m_m2_071
3300011271,39.7291,-123.6419,Environmental,Terrestrial,None,Soil,M_DeepCastt_65m_m2_071
3300004591,48.3807,-122.1599,Environmental,Aquatic,Sediment,Freshwater,M_DeepCastt_65m_m2_071
3300005542,40.7999,-76.3402,Environmental,Terrestrial,Unclassified,Soil,M_DeepCastt_65m_m2_071
3300009621,47.5028,-93.4828,Environmental,Aquatic,Wetlands,Freshwater,M_DeepCastt_65m_m2_071
3300006172,41.1289,-78.4195,Environmental,Aquatic,Unclassified,Sediment,M_DeepCastt_65m_m2_071
3300009080,46.2,-123.94,Environmental,Aquatic,Intertidal zone,Marine,M_DeepCastt_65m_m2_071
3300005537,40.7999,-76.3402,Environmental,Terrestrial,Unclassified,Soil,M_DeepCastt_65m_m2_071
3300024346,46.234,-123.9135,Environmental,Aquatic,None,Marine,M_DeepCastt_65m_m2_071
3300006163,42.4774,-85.451,Environmental,Terrestrial,Loam,Soil,M_DeepCastt_65m_m2_071
3300021375,34.7181,-76.6707,Environmental,Aquatic,Coastal,Marine,M_DeepCastt_65m_m2_071
3300005434,42.4774,-85.451,Environmental,Terrestrial,Loam,Soil,M_DeepCastt_65m_m2_071
3300021168,42.481016,-72.178343,Environmental,Terrestrial,Unclassified,Soil,M_DeepCastt_65m_m2_071
3300018083,38.9195,-106.9496,Environmental,Aquatic,None,Sediment,M_DeepCastt_65m_m2_071
3300017966,4.2396,-73.2024,Environmental,Terrestrial,Wetlands,Soil,M_DeepCastt_65m_m2_071
3300009664,34.72,135.27,Engineered,Wastewater,Unclassified,Anaerobic digestor,M_DeepCastt_65m_m2_071
3300012361,39.7291,-123.6419,Environmental,Terrestrial,None,Soil,M_DeepCastt_65m_m2_071
3300012208,39.5673,-123.4758,Environmental,Terrestrial,None,Soil,M_DeepCastt_65m_m2_071
3300011409,38.8895,-106.9075,Environmental,Aquatic,None,Sediment,M_DeepCastt_65m_m2_071
3300003861,41.7,-86.23,Environmental,Aquatic,Lentic,Freshwater,M_DeepCastt_65m_m2_071
3300015052,39.7291,-123.6419,Environmental,Terrestrial,None,Soil,M_DeepCastt_65m_m2_071
3300007788,39.7291,-123.6419,Environmental,Terrestrial,Unclassified,Soil,M_DeepCastt_65m_m2_071
3300021478,42.481016,-72.178343,Environmental,Terrestrial,Unclassified,Soil,M_DeepCastt_65m_m2_071
3300011405,38.9227,-106.9523,Environmental,Aquatic,None,Sediment,M_DeepCastt_65m_m2_071
3300006372,39.283,-75.3633,Environmental,Aquatic,Coastal,Marine,M_DeepCastt_65m_m2_071
3300012172,38.8894,-106.9081,Environmental,Aquatic,None,Sediment,M_DeepCastt_65m_m2_071
3300021559,42.481016,-72.178343,Environmental,Terrestrial,Unclassified,Soil,M_DeepCastt_65m_m2_071
3300016341,18.321,-65.8172,Environmental,Terrestrial,Unclassified,Soil,M_DeepCastt_65m_m2_071
3300015201,43.3,-89.38,Environmental,Terrestrial,None,Soil,M_DeepCastt_65m_m2_071
3300016404,18.321,-65.8172,Environmental,Terrestrial,Unclassified,Soil,M_DeepCastt_65m_m2_071
3300021479,42.481016,-72.178343,Environmental,Terrestrial,Unclassified,Soil,M_DeepCastt_65m_m2_071
3300016422,18.321,-65.8172,Environmental,Terrestrial,Unclassified,Soil,M_DeepCastt_65m_m2_071
3300021471,27.0114,-110.5956,Environmental,Aquatic,Hydrothermal vents,Marine,M_DeepCastt_65m_m2_071
3300010360,9.1086,-79.8436,Environmental,Terrestrial,None,Soil,M_DeepCastt_65m_m2_071
3300014911,27.0154,-111.3798,Environmental,Aquatic,Hydrothermal vents,Marine,M_DeepCastt_65m_m2_071
3300013132,-1.64,29.05,Environmental,Aquatic,Lake,Freshwater,M_DeepCastt_65m_m2_071
3300014720,-1.64,29.05,Environmental,Aquatic,Lake,Freshwater,M_DeepCastt_65m_m2_071
3300012912,43.3,-89.38,Environmental,Terrestrial,None,Soil,M_DeepCastt_65m_m2_071
3300021469,27.0114,-110.5956,Environmental,Aquatic,Hydrothermal vents,Marine,M_DeepCastt_65m_m2_071
3300006059,41.1752,-78.4168,Environmental,Aquatic,Unclassified,Sediment,M_DeepCastt_65m_m2_071
3300016445,18.321,-65.8172,Environmental,Terrestrial,Unclassified,Soil,M_DeepCastt_65m_m2_071
3300021468,27.0114,-110.5956,Environmental,Aquatic,Hydrothermal vents,Marine,M_DeepCastt_65m_m2_071
3300011118,56.103,10.458,Environmental,Aquatic,Oceanic,Marine,M_DeepCastt_65m_m2_071
3300006397,39.283,-75.3633,Environmental,Aquatic,Coastal,Marine,M_DeepCastt_65m_m2_071
3300011444,38.9776,-107.0024,Environmental,Aquatic,None,Sediment,M_DeepCastt_65m_m2_071
3300005455,42.3948,-85.3738,Host-associated,Plants,Soil,Rhizosphere,M_DeepCastt_65m_m2_071
3300006969,35.8443,-83.9607,Host-associated,Plants,Unclassified,Rhizosphere,M_DeepCastt_65m_m2_071
3300006641,39.283,-75.3633,Environmental,Aquatic,Coastal,Marine,M_DeepCastt_65m_m2_071
3300020580,42.481016,-72.178343,Environmental,Terrestrial,Unclassified,Soil,M_DeepCastt_65m_m2_071
3300004136,42.531427,-72.189946,Environmental,Terrestrial,Loam,Soil,M_DeepCastt_65m_m2_071
3300015264,39.7291,-123.6419,Environmental,Terrestrial,None,Soil,M_DeepCastt_65m_m2_071
3300009086,46.2,-123.94,Environmental,Aquatic,Intertidal zone,Marine,M_DeepCastt_65m_m2_071
3300009673,37.43,138.83,Engineered,Wastewater,Unclassified,Anaerobic digestor,M_DeepCastt_65m_m2_071
3300009769,37.43,138.83,Engineered,Wastewater,Unclassified,Anaerobic digestor,M_DeepCastt_65m_m2_071
3300009689,37.43,138.83,Engineered,Wastewater,Unclassified,Anaerobic digestor,M_DeepCastt_65m_m2_071
3300009676,37.43,138.83,Engineered,Wastewater,Unclassified,Anaerobic digestor,M_DeepCastt_65m_m2_071
3300007614,37.4962,-122.1329,Environmental,Terrestrial,Wetlands,Soil,M_DeepCastt_65m_m2_071
3300005330,42.3948,-85.3738,Environmental,Terrestrial,Loam,Soil,M_DeepCastt_65m_m2_071
3300009690,39.84,-89,Engineered,Wastewater,Unclassified,Anaerobic digestor,M_DeepCastt_65m_m2_071
3300009687,39.84,-89,Engineered,Wastewater,Unclassified,Anaerobic digestor,M_DeepCastt_65m_m2_071
3300010359,9.1086,-79.8436,Environmental,Terrestrial,None,Soil,M_DeepCastt_65m_m2_071
3300019882,38.9827,-107.0102,Environmental,Terrestrial,None,Soil,M_DeepCastt_65m_m2_071
3300020057,-77.5281,161.59,Environmental,Aquatic,Lake,Freshwater,M_DeepCastt_65m_m2_071
3300009143,39.7291,-123.6419,Environmental,Terrestrial,Unclassified,Soil,M_DeepCastt_65m_m2_071
3300005286,38.5402727,-121.7500776,Engineered,Solid waste,Grass,Composting,M_DeepCastt_65m_m2_071
3300012921,38.5733,-109.5498,Environmental,Terrestrial,Unclassified,Soil,M_DeepCastt_65m_m2_071
3300009149,58.622,18.254,Environmental,Aquatic,Oceanic,Marine,M_DeepCastt_65m_m2_071
3300021171,42.481016,-72.178343,Environmental,Terrestrial,Unclassified,Soil,M_DeepCastt_65m_m2_071
3300024343,46.234,-123.9135,Environmental,Aquatic,Intertidal zone,Marine,M_DeepCastt_65m_m2_071
3300021432,42.481016,-72.178343,Environmental,Terrestrial,Unclassified,Soil,M_DeepCastt_65m_m2_071
3300006028,42.4774,-85.451,Environmental,Terrestrial,Loam,Soil,M_DeepCastt_65m_m2_071
3300006048,35.8443,-83.9607,Host-associated,Plants,Unclassified,Endosphere,M_DeepCastt_65m_m2_071
3300021178,42.481016,-72.178343,Environmental,Terrestrial,Unclassified,Soil,M_DeepCastt_65m_m2_071
3300006025,39.283,-75.3633,Environmental,Aquatic,Coastal,Marine,M_DeepCastt_65m_m2_071
3300021420,42.481016,-72.178343,Environmental,Terrestrial,Unclassified,Soil,M_DeepCastt_65m_m2_071
3300009551,42.3948,-85.3738,Host-associated,Plants,Unclassified,Rhizosphere,M_DeepCastt_65m_m2_071
3300022931,48.5847,-123.5008,Environmental,Aquatic,Inlet,Marine,M_DeepCastt_65m_m2_071
3300010373,42.3938,-85.3708,Environmental,Terrestrial,None,Soil,M_DeepCastt_65m_m2_071
3300000477,51.4,79.54,Environmental,Aquatic,Alkaline,Non-marine Saline and Alkaline,M_DeepCastt_65m_m2_071
3300005456,42.3948,-85.3738,Host-associated,Plants,Soil,Rhizoplane,M_DeepCastt_65m_m2_071
3300017650,37.83,-122.29,Environmental,Terrestrial,None,Soil,M_DeepCastt_65m_m2_071
3300018080,33.4166,-115.9166,Environmental,Aquatic,Hypersaline,Non-marine Saline and Alkaline,M_DeepCastt_65m_m2_071
3300009148,42.3948,-85.3738,Host-associated,Plants,Unclassified,Rhizosphere,M_DeepCastt_65m_m2_071
3300017968,31.972,-81.028,Environmental,Aquatic,Intertidal zone,Marine,M_DeepCastt_65m_m2_071
3300006881,42.3948,-85.3738,Host-associated,Plants,Epiphytes,Rhizoplane,M_DeepCastt_65m_m2_071
3300023117,31.972,-81.028,Environmental,Aquatic,Intertidal zone,Marine,M_DeepCastt_65m_m2_071
3300020189,31.972,-81.028,Environmental,Aquatic,Intertidal zone,Marine,M_DeepCastt_65m_m2_071
3300020084,-4.9054,29.4853,Environmental,Aquatic,Lake,Freshwater,M_DeepCastt_65m_m2_071
3300005527,41.69957,-83.2941,Environmental,Aquatic,Lentic,Freshwater,M_DeepCastt_65m_m2_071
3300020179,-4.8915,29.586,Environmental,Aquatic,Lake,Freshwater,M_DeepCastt_65m_m2_071
3300020074,-6.1786,29.658,Environmental,Aquatic,Lake,Freshwater,M_DeepCastt_65m_m2_071
3300020220,-6.1786,29.658,Environmental,Aquatic,Lake,Freshwater,M_DeepCastt_65m_m2_071
3300020196,-4.9054,29.4853,Environmental,Aquatic,Lake,Freshwater,M_DeepCastt_65m_m2_071
3300021424,-5.7366,29.9194,Environmental,Aquatic,Lake,Freshwater,M_DeepCastt_65m_m2_071
3300020083,-4.9054,29.4853,Environmental,Aquatic,Lake,Freshwater,M_DeepCastt_65m_m2_071
3300021376,-4.8369,29.6087,Environmental,Aquatic,Lake,Freshwater,M_DeepCastt_65m_m2_071
3300005525,41.69957,-83.2941,Environmental,Aquatic,Lentic,Freshwater,M_DeepCastt_65m_m2_071
3300005528,41.69957,-83.2941,Environmental,Aquatic,Lentic,Freshwater,M_DeepCastt_65m_m2_071
3300020222,-4.9054,29.4853,Environmental,Aquatic,Lake,Freshwater,M_DeepCastt_65m_m2_071
3300020190,-6.0012,29.8102,Environmental,Aquatic,Lake,Freshwater,M_DeepCastt_65m_m2_071
3300020109,-6.1786,29.658,Environmental,Aquatic,Lake,Freshwater,M_DeepCastt_65m_m2_071
3300021093,-5.5789,29.514,Environmental,Aquatic,Lake,Freshwater,M_DeepCastt_65m_m2_071
3300020603,-4.9054,29.4853,Environmental,Aquatic,Lake,Freshwater,M_DeepCastt_65m_m2_071
3300021091,-4.8915,29.586,Environmental,Aquatic,Lake,Freshwater,M_DeepCastt_65m_m2_071
3300021092,-6.1786,29.658,Environmental,Aquatic,Lake,Freshwater,M_DeepCastt_65m_m2_071
3300020183,-6.4446,29.9042,Environmental,Aquatic,Lake,Freshwater,M_DeepCastt_65m_m2_071
3300020578,-4.9054,29.4853,Environmental,Aquatic,Lake,Freshwater,M_DeepCastt_65m_m2_071
3300020204,-6.4662,29.9408,Environmental,Aquatic,Lake,Freshwater,M_DeepCastt_65m_m2_071
3300005179,39.7392,-123.6308,Environmental,Terrestrial,Unclassified,Soil,M_DeepCastt_65m_m2_071
3300020194,31.972,-81.028,Environmental,Aquatic,Intertidal zone,Marine,M_DeepCastt_65m_m2_071
3300021379,34.7181,-76.6707,Environmental,Aquatic,Coastal,Marine,M_DeepCastt_65m_m2_071
3300017962,31.972,-81.028,Environmental,Aquatic,Intertidal zone,Marine,M_DeepCastt_65m_m2_071
3300022937,31.972,-81.028,Environmental,Aquatic,Intertidal zone,Marine,M_DeepCastt_65m_m2_071
3300020168,31.972,-81.028,Environmental,Aquatic,Intertidal zone,Marine,M_DeepCastt_65m_m2_071
3300006046,39.7392,-123.6308,Environmental,Terrestrial,Unclassified,Soil,M_DeepCastt_65m_m2_071
3300023116,31.972,-81.028,Environmental,Aquatic,Intertidal zone,Marine,M_DeepCastt_65m_m2_071
3300005662,43.1998,-86.5698,Environmental,Aquatic,Lentic,Freshwater,M_DeepCastt_65m_m2_071
3300018415,31.972,-81.028,Environmental,Aquatic,Intertidal zone,Marine,M_DeepCastt_65m_m2_071
3300009162,35.8444,-83.9599,Host-associated,Plants,Unclassified,Rhizosphere,M_DeepCastt_65m_m2_071
3300011340,38.107,-121.6475,Environmental,Aquatic,Wetlands,Freshwater,M_DeepCastt_65m_m2_071
3300022935,31.972,-81.028,Environmental,Aquatic,Intertidal zone,Marine,M_DeepCastt_65m_m2_071
3300006729,-28.2362,-38.4949,Environmental,Aquatic,Oceanic,Marine,M_DeepCastt_65m_m2_071
3300017964,31.972,-81.028,Environmental,Aquatic,Intertidal zone,Marine,M_DeepCastt_65m_m2_071
3300018465,33.5944,-109.1397,Environmental,Terrestrial,None,Soil,M_DeepCastt_65m_m2_071
3300022929,31.972,-81.028,Environmental,Aquatic,Intertidal zone,Marine,M_DeepCastt_65m_m2_071
3300020169,54.1841,7.9,Environmental,Aquatic,Pelagic,Marine,M_DeepCastt_65m_m2_071
3300021365,54.1841,7.9,Environmental,Aquatic,Pelagic,Marine,M_DeepCastt_65m_m2_071
3300021378,34.7181,-76.6707,Environmental,Aquatic,Coastal,Marine,M_DeepCastt_65m_m2_071
3300020175,54.1841,7.9,Environmental,Aquatic,Pelagic,Marine,M_DeepCastt_65m_m2_071
3300020595,54.1841,7.9,Environmental,Aquatic,Pelagic,Marine,M_DeepCastt_65m_m2_071
3300024348,46.234,-123.9135,Environmental,Aquatic,Intertidal zone,Marine,M_DeepCastt_65m_m2_071
3300008012,39.283,-75.3633,Environmental,Aquatic,Coastal,Marine,M_DeepCastt_65m_m2_071
3300023084,31.972,-81.028,Environmental,Aquatic,Intertidal zone,Marine,M_DeepCastt_65m_m2_071
3300022916,48.5847,-123.5008,Environmental,Aquatic,Inlet,Marine,M_DeepCastt_65m_m2_071
3300022926,31.972,-81.028,Environmental,Aquatic,Intertidal zone,Marine,M_DeepCastt_65m_m2_071
3300005805,37.7330997,-97.7990663,Environmental,Aquatic,Lake,Freshwater,M_DeepCastt_65m_m2_071
3300007236,39.283,-75.3633,Environmental,Aquatic,Coastal,Marine,M_DeepCastt_65m_m2_071
3300006867,39.283,-75.3633,Environmental,Aquatic,Coastal,Marine,M_DeepCastt_65m_m2_071
3300020054,31.972,-81.028,Environmental,Aquatic,Intertidal zone,Marine,M_DeepCastt_65m_m2_071
3300021185,36.6907,-122.3448,Environmental,Aquatic,Intertidal zone,Marine,M_DeepCastt_65m_m2_071
3300021087,36.6907,-122.3448,Environmental,Aquatic,Intertidal zone,Marine,M_DeepCastt_65m_m2_071
3300020053,31.972,-81.028,Environmental,Aquatic,Intertidal zone,Marine,M_DeepCastt_65m_m2_071
3300020165,54.1841,7.9,Environmental,Aquatic,Pelagic,Marine,M_DeepCastt_65m_m2_071
3300023180,31.972,-81.028,Environmental,Aquatic,Intertidal zone,Marine,M_DeepCastt_65m_m2_071
3300023109,48.5847,-123.5008,Environmental,Aquatic,Inlet,Marine,M_DeepCastt_65m_m2_071
3300020055,31.972,-81.028,Environmental,Aquatic,Intertidal zone,Marine,M_DeepCastt_65m_m2_071
3300022922,31.972,-81.028,Environmental,Aquatic,Intertidal zone,Marine,M_DeepCastt_65m_m2_071
3300010299,37.5161,-76.1223,Environmental,Aquatic,Coastal,Marine,M_DeepCastt_65m_m2_071
3300009593,15.249,-20.515,Environmental,Aquatic,Oceanic,Marine,M_DeepCastt_65m_m2_071
3300010297,37.1849,-76.1104,Environmental,Aquatic,Coastal,Marine,M_DeepCastt_65m_m2_071
3300010159,39.7291,-123.6419,Environmental,Terrestrial,Unclassified,Soil,M_DeepCastt_65m_m2_071
3300018060,3.8381,-73.3194,Environmental,Terrestrial,Wetlands,Soil,M_DeepCastt_65m_m2_071
3300005840,42.3948,-85.3738,Host-associated,Plants,Epiphytes,Rhizoplane,M_DeepCastt_65m_m2_071
3300018476,45.6356,-110.571,Environmental,Terrestrial,None,Soil,M_DeepCastt_65m_m2_071
3300009528,-44.283,-75.865,Environmental,Aquatic,Oceanic,Marine,M_DeepCastt_65m_m2_071
3300012953,34.876,-13.1352,Environmental,Aquatic,Oceanic,Marine,M_DeepCastt_65m_m2_071
3300022912,48.5847,-123.5008,Environmental,Aquatic,Inlet,Marine,M_DeepCastt_65m_m2_071
3300017949,31.972,-81.028,Environmental,Aquatic,Intertidal zone,Marine,M_DeepCastt_65m_m2_071
3300020177,31.972,-81.028,Environmental,Aquatic,Intertidal zone,Marine,M_DeepCastt_65m_m2_071
3300006402,39.283,-75.3633,Environmental,Aquatic,Coastal,Marine,M_DeepCastt_65m_m2_071
3300006868,39.283,-75.3633,Environmental,Aquatic,Coastal,Marine,M_DeepCastt_65m_m2_071
3300006384,39.283,-75.3633,Environmental,Aquatic,Coastal,Marine,M_DeepCastt_65m_m2_071
3300020174,31.972,-81.028,Environmental,Aquatic,Intertidal zone,Marine,M_DeepCastt_65m_m2_071
3300020173,31.972,-81.028,Environmental,Aquatic,Intertidal zone,Marine,M_DeepCastt_65m_m2_071
3300006403,39.283,-75.3633,Environmental,Aquatic,Coastal,Marine,M_DeepCastt_65m_m2_071
3300006400,39.283,-75.3633,Environmental,Aquatic,Coastal,Marine,M_DeepCastt_65m_m2_071
3300006383,39.283,-75.3633,Environmental,Aquatic,Coastal,Marine,M_DeepCastt_65m_m2_071
3300011270,39.7291,-123.6419,Environmental,Terrestrial,None,Soil,M_DeepCastt_65m_m2_071
3300021368,34.7181,-76.6707,Environmental,Aquatic,Coastal,Marine,M_DeepCastt_65m_m2_071
3300010296,37.0306,-76.0464,Environmental,Aquatic,Coastal,Marine,M_DeepCastt_65m_m2_071
3300006869,39.283,-75.3633,Environmental,Aquatic,Coastal,Marine,M_DeepCastt_65m_m2_071
3300018041,31.972,-81.028,Environmental,Aquatic,Intertidal zone,Marine,M_DeepCastt_65m_m2_071
3300006870,39.283,-75.3633,Environmental,Aquatic,Coastal,Marine,M_DeepCastt_65m_m2_071
3300021958,37.6183,-122.2916,Environmental,Aquatic,Intertidal zone,Marine,M_DeepCastt_65m_m2_071
3300014201,47.1149,-88.5476,Environmental,Aquatic,Wetlands,Freshwater,M_DeepCastt_65m_m2_071
3300017958,31.972,-81.028,Environmental,Aquatic,Intertidal zone,Marine,M_DeepCastt_65m_m2_071
3300007602,48.3,16.2,Engineered,Wastewater,Unclassified,Activated Sludge,M_DeepCastt_65m_m2_071
3300017952,31.972,-81.028,Environmental,Aquatic,Intertidal zone,Marine,M_DeepCastt_65m_m2_071
3300021085,36.7468,-122.0193,Environmental,Aquatic,Intertidal zone,Marine,M_DeepCastt_65m_m2_071
3300004787,43.1998,-86.5698,Environmental,Aquatic,Lentic,Freshwater,M_DeepCastt_65m_m2_071
3300022222,-77.5281,161.59,Environmental,Aquatic,Lake,Freshwater,M_DeepCastt_65m_m2_071
3300018065,33.4166,-115.9166,Environmental,Aquatic,Hypersaline,Non-marine Saline and Alkaline,M_DeepCastt_65m_m2_071
3300011420,38.8895,-106.9087,Environmental,Aquatic,None,Sediment,M_DeepCastt_65m_m2_071
3300009790,2.405,-13.602,Environmental,Aquatic,Oceanic,Marine,M_DeepCastt_65m_m2_071
3300012942,37.83,-122.29,Environmental,Terrestrial,None,Soil,M_DeepCastt_65m_m2_071
3300005441,42.3948,-85.3738,Environmental,Terrestrial,Loam,Soil,M_DeepCastt_65m_m2_071
3300017991,33.4166,-115.9166,Environmental,Aquatic,Hypersaline,Non-marine Saline and Alkaline,M_DeepCastt_65m_m2_071
3300010354,39.2637,-76.0017,Environmental,Aquatic,Coastal,Marine,M_DeepCastt_65m_m2_071
3300018876,31.972,-81.028,Environmental,Aquatic,Intertidal zone,Marine,M_DeepCastt_65m_m2_071
3300011399,38.9779,-107.002,Environmental,Aquatic,None,Sediment,M_DeepCastt_65m_m2_071
3300009176,42.3948,-85.3738,Host-associated,Plants,Unclassified,Rhizosphere,M_DeepCastt_65m_m2_071
3300005986,43.023,-87.895,Engineered,Wastewater,Unclassified,Nutrient removal,M_DeepCastt_65m_m2_071
3300002161,41.474889,-82.854137,Environmental,Aquatic,Lentic,Freshwater,M_DeepCastt_65m_m2_071
3300006102,41.1752,-78.4168,Environmental,Aquatic,Unclassified,Sediment,M_DeepCastt_65m_m2_071
3300000365,51.39,79.48,Environmental,Aquatic,Alkaline,Non-marine Saline and Alkaline,M_DeepCastt_65m_m2_071
3300021560,9.1086,-79.8436,Environmental,Terrestrial,None,Soil,M_DeepCastt_65m_m2_071
3300007233,43.023,-87.895,Engineered,Wastewater,Unclassified,Nutrient removal,M_DeepCastt_65m_m2_071
3300009659,47.6525,-122.3049,Engineered,Bioreactor,None,Anaerobic,M_DeepCastt_65m_m2_071
3300017969,31.972,-81.028,Environmental,Aquatic,Intertidal zone,Marine,M_DeepCastt_65m_m2_071
3300006865,60.1987,-125.5127,Environmental,Aquatic,Sediment,Thermal springs,M_DeepCastt_65m_m2_071
3300007319,41.69957,-83.2941,Environmental,Aquatic,Lentic,Freshwater,M_DeepCastt_65m_m2_071
3300011434,38.9777,-107.0023,Environmental,Aquatic,None,Sediment,M_DeepCastt_65m_m2_071
3300001362,43.098333,-89.405278,Environmental,Aquatic,Lentic,Freshwater,M_DeepCastt_65m_m2_071
3300001282,43.098333,-89.405278,Environmental,Aquatic,Lentic,Freshwater,M_DeepCastt_65m_m2_071
3300004507,48.6,-123.5,Environmental,Aquatic,Intertidal zone,Marine,M_DeepCastt_65m_m2_071
3300006871,35.8444,-83.9599,Host-associated,Plants,Unclassified,Rhizosphere,M_DeepCastt_65m_m2_071
3300019765,38.7906,-75.1638,Environmental,Aquatic,River,Freshwater,M_DeepCastt_65m_m2_071
3300011432,38.8896,-106.9079,Environmental,Aquatic,None,Sediment,M_DeepCastt_65m_m2_071
3300012916,43.3,-89.38,Environmental,Terrestrial,None,Soil,M_DeepCastt_65m_m2_071
3300007534,41.69957,-83.2941,Environmental,Aquatic,Lentic,Freshwater,M_DeepCastt_65m_m2_071
3300006382,39.283,-75.3633,Environmental,Aquatic,Coastal,Marine,M_DeepCastt_65m_m2_071
3300005364,42.3948,-85.3738,Host-associated,Plants,Soil,Rhizosphere,M_DeepCastt_65m_m2_071
3300021494,27.0114,-110.5956,Environmental,Aquatic,Hydrothermal vents,Marine,M_DeepCastt_65m_m2_071
3300021492,27.0114,-110.5956,Environmental,Aquatic,Hydrothermal vents,Marine,M_DeepCastt_65m_m2_071
3300021467,27.0114,-110.5956,Environmental,Aquatic,Hydrothermal vents,Marine,M_DeepCastt_65m_m2_071
3300020178,31.972,-81.028,Environmental,Aquatic,Intertidal zone,Marine,M_DeepCastt_65m_m2_071
3300017960,33.4166,-115.9166,Environmental,Aquatic,Hypersaline,Non-marine Saline and Alkaline,M_DeepCastt_65m_m2_071
3300017992,33.3,-115.8,Environmental,Aquatic,Hypersaline,Non-marine Saline and Alkaline,M_DeepCastt_65m_m2_071
3300012175,38.8894,-106.9084,Environmental,Aquatic,None,Sediment,M_DeepCastt_65m_m2_071
3300012925,39.7291,-123.6419,Environmental,Terrestrial,None,Soil,M_DeepCastt_65m_m2_071
3300010399,42.3938,-85.3708,Environmental,Terrestrial,None,Soil,M_DeepCastt_65m_m2_071
3300020583,42.481016,-72.178343,Environmental,Terrestrial,Unclassified,Soil,M_DeepCastt_65m_m2_071
3300012891,43.3,-89.38,Environmental,Terrestrial,None,Soil,M_DeepCastt_65m_m2_071
3300022902,48.5847,-123.5008,Environmental,Aquatic,Inlet,Marine,M_DeepCastt_65m_m2_071
3300022928,31.972,-81.028,Environmental,Aquatic,Intertidal zone,Marine,M_DeepCastt_65m_m2_071
3300000864,46.235,-124.16,Environmental,Aquatic,Neritic zone,Marine,M_DeepCastt_65m_m2_071
3300010366,9.1086,-79.8436,Environmental,Terrestrial,None,Soil,M_DeepCastt_65m_m2_071
3300014878,38.9224,-106.9518,Environmental,Aquatic,None,Sediment,M_DeepCastt_65m_m2_071
3300010398,9.1086,-79.8436,Environmental,Terrestrial,None,Soil,M_DeepCastt_65m_m2_071
3300012929,39.7291,-123.6419,Environmental,Terrestrial,None,Soil,M_DeepCastt_65m_m2_071
3300006680,32.08,-17.27,Environmental,Aquatic,Oceanic,Marine,M_DeepCastt_65m_m2_071
3300012683,39.7291,-123.6419,Environmental,Terrestrial,None,Soil,M_DeepCastt_65m_m2_071
3300004097,54.18194,7.9,Environmental,Aquatic,Neritic zone,Marine,M_DeepCastt_65m_m2_071
3300006052,41.170727,-78.4726,Environmental,Aquatic,Unclassified,Sediment,M_DeepCastt_65m_m2_071
3300018084,38.9195,-106.9496,Environmental,Aquatic,None,Sediment,M_DeepCastt_65m_m2_071
3300010874,35.8911,-106.2978,Environmental,Terrestrial,Unclassified,Soil,M_DeepCastt_65m_m2_071
3300019377,38.0262,-109.5407,Environmental,Terrestrial,None,Soil,M_DeepCastt_65m_m2_071
3300010875,35.8911,-106.2978,Environmental,Terrestrial,Unclassified,Soil,M_DeepCastt_65m_m2_071
3300021504,27.0114,-110.5956,Environmental,Aquatic,Hydrothermal vents,Marine,M_DeepCastt_65m_m2_071
3300022552,27.0078,-111.4071,Environmental,Aquatic,Hydrothermal vents,Marine,M_DeepCastt_65m_m2_071
3300010330,27.0078,-111.4071,Environmental,Aquatic,Hydrothermal vents,Marine,M_DeepCastt_65m_m2_071
3300004595,48.6,-123.5,Environmental,Aquatic,Intertidal zone,Marine,M_DeepCastt_65m_m2_071
3300021506,27.0114,-110.5956,Environmental,Aquatic,Hydrothermal vents,Marine,M_DeepCastt_65m_m2_071
3300005555,39.7392,-123.6308,Environmental,Terrestrial,Unclassified,Soil,M_DeepCastt_65m_m2_071
3300014885,38.9229,-106.9516,Environmental,Aquatic,None,Sediment,M_DeepCastt_65m_m2_071
3300006426,68.6137,-149.3144,Environmental,Terrestrial,Wetlands,Soil,M_DeepCastt_65m_m2_071
3300014199,47.1149,-88.5476,Environmental,Aquatic,Wetlands,Freshwater,M_DeepCastt_65m_m2_071
3300005336,42.3948,-85.3738,Environmental,Terrestrial,Loam,Soil,M_DeepCastt_65m_m2_071
3300005940,46.372,-119.272,Environmental,Terrestrial,Sand,Soil,M_DeepCastt_65m_m2_071
3300009093,42.3948,-85.3738,Host-associated,Plants,Unclassified,Rhizosphere,M_DeepCastt_65m_m2_071
3300012901,43.3,-89.38,Environmental,Terrestrial,None,Soil,M_DeepCastt_65m_m2_071
3300022549,36.41,-115.74,Environmental,Aquatic,Groundwater,Freshwater,M_DeepCastt_65m_m2_071
3300005466,42.3948,-85.3738,Environmental,Terrestrial,Loam,Soil,M_DeepCastt_65m_m2_071
3300012971,9.1086,-79.8436,Environmental,Terrestrial,None,Soil,M_DeepCastt_65m_m2_071
3300021170,42.481016,-72.178343,Environmental,Terrestrial,Unclassified,Soil,M_DeepCastt_65m_m2_071
3300020594,37.83,-122.29,Environmental,Terrestrial,None,Soil,M_DeepCastt_65m_m2_071
3300004570,48.3807,-122.1599,Environmental,Aquatic,Sediment,Freshwater,M_DeepCastt_65m_m2_071
3300013103,27.0183,-111.3802,Environmental,Aquatic,Hydrothermal vents,Marine,M_DeepCastt_65m_m2_071
3300022927,31.972,-81.028,Environmental,Aquatic,Intertidal zone,Marine,M_DeepCastt_65m_m2_071
3300010375,42.3948,-85.3738,Host-associated,Plants,Unclassified,Rhizosphere,M_DeepCastt_65m_m2_071