MAG,ManualTaxonomy,Domain,Phylum,Class,Order,Family,Genus,Species
K_Offshore_120m_m2_006,Acidobacteria,d__Bacteria,p__Acidobacteriota,c__Luteitaleia,o__Luteitaleales,f__UBA2999,g__,s__
K_DeepCast_65m_m1_022,Acidobacteria,d__Bacteria,p__Acidobacteriota,c__Acidobacteriae,o__Solibacterales,f__Solibacteraceae,g__,s__
K_DeepCast_65m_m1_223,Acidobacteria,d__Bacteria,p__Acidobacteriota,c__Luteitaleia,o__Luteitaleales,f__,g__,s__
M_DeepCast_65m_m2_224,Acidobacteria,d__Bacteria,p__Acidobacteriota,c__Luteitaleia,o__Luteitaleales,f__UBA2999,g__12-FULL-67-14b,s__
K_Offshore_80m_m2_020,Acidobacteria,d__Bacteria,p__Acidobacteriota,c__Luteitaleia,o__Luteitaleales,f__UBA2999,g__,s__
K_Offshore_80m_m2_035,Acidobacteria,d__Bacteria,p__Proteobacteria,c__Alphaproteobacteria,o__Rhodospirillales,f__,g__,s__
K_Offshore_80m_m2_092,Acidobacteria,d__Bacteria,p__Acidobacteriota,c__Acidobacteriae,o__,f__,g__,s__
K_Offshore_80m_m2_117,Acidobacteria,d__Bacteria,p__Acidobacteriota,c__Luteitaleia,o__Luteitaleales,f__UBA2999,g__,s__
M_surface_10_m1_251,Acidobacteria,d__Bacteria,p__Acidobacteriota,c__Luteitaleia,o__Luteitaleales,f__UBA2999,g__,s__
K_DeepCast_100m_m1_278,Actinobacteria,d__Bacteria,p__Actinobacteriota,c__UBA1414,o__UBA1414,f__,g__,s__
K_DeepCast_1200m_m2_005,Actinobacteria,d__Bacteria,p__Actinobacteriota,c__UBA1414,o__UBA1414,f__,g__,s__
K_DeepCast_1200m_m2_204,Actinobacteria,d__Bacteria,p__Actinobacteriota,c__UBA1414,o__UBA1414,f__UBA7938,g__,s__
K_DeepCast_150m_m1_051,Actinobacteria,d__Bacteria,p__Actinobacteriota,c__UBA1414,o__UBA1414,f__,g__,s__
K_DeepCast_150m_m2_097,Actinobacteria,d__Bacteria,p__Actinobacteriota,c__UBA1414,o__UBA1414,f__,g__,s__
K_DeepCast_150m_m2_294,Actinobacteria,d__Bacteria,p__Actinobacteriota,c__UBA1414,o__UBA1414,f__,g__,s__
K_DeepCast_35m_m1_047,Actinobacteria,d__Bacteria,p__Actinobacteriota,c__Actinobacteria,o__Nanopelagicales,f__,g__,s__
K_DeepCast_35m_m1_297,Actinobacteria,d__Bacteria,p__Actinobacteriota,c__Acidimicrobiia,o__,f__,g__,s__
M_DeepCast_400m_m1_127,Actinobacteria,d__Bacteria,p__Actinobacteriota,c__Thermoleophilia,o__,f__,g__,s__
M_DeepCast_400m_m2_130,Actinobacteria,d__Bacteria,p__Actinobacteriota,c__Acidimicrobiia,o__UBA5794,f__UBA11373,g__,s__
K_Offshore_40m_m2_012,Actinobacteria,d__Bacteria,p__Actinobacteriota,c__Thermoleophilia,o__,f__,g__,s__
K_Offshore_40m_m2_139,Actinobacteria,d__Bacteria,p__Actinobacteriota,c__Actinobacteria,o__Nanopelagicales,f__,g__,s__
M_DeepCast_50m_m2_189,Actinobacteria,d__Bacteria,p__Actinobacteriota,c__Acidimicrobiia,o__,f__,g__,s__
K_DeepCast_65m_m2_097,Actinobacteria,d__Bacteria,p__Actinobacteriota,c__Acidimicrobiia,o__,f__,g__,s__
K_DeepCast_65m_m2_213,Actinobacteria,d__Bacteria,p__Actinobacteriota,c__Thermoleophilia,o__Solirubrobacterales,f__,g__,s__
M_DeepCast_65m_m2_256,Actinobacteria,d__Bacteria,p__Actinobacteriota,c__Thermoleophilia,o__,f__,g__,s__
K_Offshore_80m_m2_056,Actinobacteria,d__Bacteria,p__Actinobacteriota,c__Acidimicrobiia,o__,f__,g__,s__
K_Offshore_80m_m2_094,Actinobacteria,d__Bacteria,p__Actinobacteriota,c__Thermoleophilia,o__,f__,g__,s__
K_Offshore_surface_m2_014,Actinobacteria,d__Bacteria,p__Actinobacteriota,c__Thermoleophilia,o__,f__,g__,s__
K_DeepCast_150m_m2_272,Actinobacteria,d__Bacteria,p__Actinobacteriota,c__Thermoleophilia,o__UBA2241,f__UBA2241,g__,s__
K_DeepCast_65m_m2_193,Actinobacteria,d__Bacteria,p__Chloroflexota,c__UBA2235,o__,f__,g__,s__
M_surface_7_m2_032,Actinobacteria,d__Bacteria,p__Actinobacteriota,c__Actinobacteria,o__Nanopelagicales,f__Nanopelagicaceae,g__Nanopelagicus,s__
K_Offshore_40m_m2_034,Actinobacteria,d__Bacteria,p__Actinobacteriota,c__Actinobacteria,o__Nanopelagicales,f__Nanopelagicaceae,g__Nanopelagicus,s__
K_DeepCast_65m_m2_221,Actinobacteria,d__Bacteria,p__Actinobacteriota,c__Actinobacteria,o__Nanopelagicales,f__Nanopelagicaceae,g__,s__
M_surface_9_m1_009,Actinobacteria,d__Bacteria,p__Actinobacteriota,c__Actinobacteria,o__Nanopelagicales,f__Nanopelagicaceae,g__,s__
M_surface_9_m1_017,Actinobacteria,d__Bacteria,p__Actinobacteriota,c__Actinobacteria,o__Nanopelagicales,f__Nanopelagicaceae,g__,s__
K_Offshore_0m_m1_007,Actinobacteria,d__Bacteria,p__Actinobacteriota,c__Actinobacteria,o__Nanopelagicales,f__Nanopelagicaceae,g__,s__
M_surface_9_m2_080,Actinobacteria,d__Bacteria,p__Actinobacteriota,c__Actinobacteria,o__Nanopelagicales,f__Nanopelagicaceae,g__,s__
M_surface_10_m2_076,Actinobacteria,d__Bacteria,p__Actinobacteriota,c__Actinobacteria,o__Nanopelagicales,f__Nanopelagicaceae,g__,s__
M_surface_10_m2_136,Actinobacteria,d__Bacteria,p__Actinobacteriota,c__Actinobacteria,o__Nanopelagicales,f__Nanopelagicaceae,g__MAG-120802,s__
K_DeepCast_1200m_m2_272,Actinobacteria,d__Bacteria,p__Actinobacteriota,c__Actinobacteria,o__Actinomycetales,f__Microbacteriaceae,g__Microbacterium,s__
K_Offshore_80m_m1_031,Actinobacteria,d__Bacteria,p__Actinobacteriota,c__Acidimicrobiia,o__Microtrichales,f__Ilumatobacteraceae,g__,s__
K_Offshore_120m_m1_195,Actinobacteria,d__Bacteria,p__Actinobacteriota,c__Acidimicrobiia,o__Microtrichales,f__Ilumatobacteraceae,g__,s__
K_Offshore_40m_m2_124,Actinobacteria,d__Bacteria,p__Actinobacteriota,c__Acidimicrobiia,o__Microtrichales,f__Ilumatobacteraceae,g__Casp-actino8,s__
M_surface_8_m2_026,Actinobacteria,d__Bacteria,p__Actinobacteriota,c__Acidimicrobiia,o__Microtrichales,f__Ilumatobacteraceae,g__,s__
M_surface_10_m2_188,Actinobacteria,d__Bacteria,p__Actinobacteriota,c__Acidimicrobiia,o__Microtrichales,f__Ilumatobacteraceae,g__,s__
K_Offshore_80m_m1_195,Actinobacteria,d__Bacteria,p__Actinobacteriota,c__Acidimicrobiia,o__Microtrichales,f__Microtrichaceae,g__,s__
K_DeepCast_0m_m1_227,Actinobacteria,d__Bacteria,p__Actinobacteriota,c__Acidimicrobiia,o__Microtrichales,f__Ilumatobacteraceae,g__Casp-actino8,s__
K_Offshore_40m_m2_105,Actinobacteria,d__Bacteria,p__Actinobacteriota,c__Acidimicrobiia,o__Microtrichales,f__,g__,s__
K_Offshore_surface_m2_010,Actinobacteria,d__Bacteria,p__Actinobacteriota,c__Acidimicrobiia,o__Microtrichales,f__Ilumatobacteraceae,g__,s__
K_Offshore_40m_m2_150,Actinobacteria,d__Bacteria,p__Actinobacteriota,c__Actinobacteria,o__Nanopelagicales,f__,g__,s__
K_Offshore_40m_m1_268,Actinobacteria,d__Bacteria,p__Actinobacteriota,c__Actinobacteria,o__Nanopelagicales,f__,g__,s__
K_Offshore_80m_m2_226,Actinobacteria,d__Bacteria,p__Actinobacteriota,c__Actinobacteria,o__Nanopelagicales,f__S36-B12,g__,s__
M_surface_9_m2_101,Actinobacteria,d__Bacteria,p__Actinobacteriota,c__Actinobacteria,o__Nanopelagicales,f__,g__,s__
M_DeepCast_50m_m2_117,Actinobacteria,d__Bacteria,p__Actinobacteriota,c__Acidimicrobiia,o__Microtrichales,f__Ilumatobacteraceae,g__,s__
M_surface_7_m2_239,Actinobacteria,d__Bacteria,p__Actinobacteriota,c__Acidimicrobiia,o__Microtrichales,f__Ilumatobacteraceae,g__,s__
M_DeepCast_200m_m2_041,Alphaproteobacteria LD12,d__Bacteria,p__Proteobacteria,c__Alphaproteobacteria,o__Pelagibacterales,f__Pelagibacteraceae,g__,s__
K_Offshore_40m_m1_069,Alphaproteobacteria LD12,d__Bacteria,p__Proteobacteria,c__Alphaproteobacteria,o__Pelagibacterales,f__Pelagibacteraceae,g__Fonsibacter,s__
M_surface_10_m2_064,Alphaproteobacteria non LD12,d__Bacteria,p__Bdellovibrionota,c__Oligoflexia,o__,f__,g__,s__
M_surface_9_m2_109,Alphaproteobacteria non LD12,d__Bacteria,p__Proteobacteria,c__Alphaproteobacteria,o__,f__,g__,s__
K_DeepCast_35m_m1_027,Alphaproteobacteria non LD12,d__Bacteria,p__Proteobacteria,c__Alphaproteobacteria,o__,f__,g__,s__
K_DeepCast_35m_m2_067,Alphaproteobacteria non LD12,d__Bacteria,p__Proteobacteria,c__Alphaproteobacteria,o__,f__,g__,s__
K_DeepCast_35m_m2_271,Alphaproteobacteria non LD12,d__Bacteria,p__Proteobacteria,c__Alphaproteobacteria,o__,f__,g__,s__
K_DeepCast_35m_m2_327,Alphaproteobacteria non LD12,d__Bacteria,p__Proteobacteria,c__Alphaproteobacteria,o__,f__,g__,s__
M_DeepCast_400m_m1_040,Alphaproteobacteria non LD12,d__Bacteria,p__Proteobacteria,c__Alphaproteobacteria,o__,f__,g__,s__
M_DeepCast_50m_m2_111,Alphaproteobacteria non LD12,d__Bacteria,p__Proteobacteria,c__Alphaproteobacteria,o__,f__,g__,s__
K_Offshore_80m_m1_220,Alphaproteobacteria non LD12,d__Bacteria,p__Proteobacteria,c__Alphaproteobacteria,o__,f__,g__,s__
K_Offshore_80m_m2_048,Alphaproteobacteria non LD12,d__Bacteria,p__Proteobacteria,c__Alphaproteobacteria,o__,f__,g__,s__
K_Offshore_80m_m2_049,Alphaproteobacteria non LD12,d__Bacteria,p__Proteobacteria,c__Alphaproteobacteria,o__,f__,g__,s__
K_Offshore_80m_m2_051,Alphaproteobacteria non LD12,d__Bacteria,p__Proteobacteria,c__Alphaproteobacteria,o__,f__,g__,s__
K_Offshore_80m_m2_053,Alphaproteobacteria non LD12,d__Bacteria,p__Proteobacteria,c__Alphaproteobacteria,o__,f__,g__,s__
K_Offshore_80m_m2_081,Alphaproteobacteria non LD12,d__Bacteria,p__Proteobacteria,c__Alphaproteobacteria,o__,f__,g__,s__
K_Offshore_80m_m2_107,Alphaproteobacteria non LD12,d__Bacteria,p__Proteobacteria,c__Alphaproteobacteria,o__,f__,g__,s__
K_Offshore_surface_m1_194,Alphaproteobacteria non LD12,d__Bacteria,p__Proteobacteria,c__Alphaproteobacteria,o__,f__,g__,s__
K_Offshore_40m_mx_105,Alphaproteobacteria non LD12,d__Bacteria,p__Proteobacteria,c__Alphaproteobacteria,o__Acetobacterales,f__Acetobacteraceae,g__,s__
K_Offshore_40m_mx_120,Alphaproteobacteria non LD12,d__Bacteria,p__Proteobacteria,c__Alphaproteobacteria,o__Acetobacterales,f__Acetobacteraceae,g__,s__
K_Offshore_80m_m2_191,Alphaproteobacteria non LD12,d__Bacteria,p__Proteobacteria,c__Alphaproteobacteria,o__Defluviicoccales,f__Defluviicoccaceae,g__,s__
M_surface_7_m2_013,Alphaproteobacteria non LD12,d__Bacteria,p__Proteobacteria,c__Alphaproteobacteria,o__Holosporales,f__,g__,s__
M_surface_10_m2_100,Alphaproteobacteria non LD12,d__Bacteria,p__Proteobacteria,c__Alphaproteobacteria,o__Paracaedibacterales,f__,g__,s__
K_Offshore_surface_mx_080,Alphaproteobacteria non LD12,d__Bacteria,p__Proteobacteria,c__Alphaproteobacteria,o__Paracaedibacterales,f__,g__,s__
M_surface_8_m2_185,Alphaproteobacteria non LD12,d__Bacteria,p__Proteobacteria,c__Alphaproteobacteria,o__Pelagibacterales,f__Pelagibacteraceae,g__Pelagibacter,s__
K_Offshore_120m_m2_043,Alphaproteobacteria non LD12,d__Bacteria,p__Proteobacteria,c__Alphaproteobacteria,o__Reyranellales,f__Reyranellaceae,g__Reyranella,s__
K_Offshore_80m_m2_146,Alphaproteobacteria non LD12,d__Bacteria,p__Proteobacteria,c__Alphaproteobacteria,o__Rhizobiales,f__,g__,s__
M_surface_10_m2_180,Alphaproteobacteria non LD12,d__Bacteria,p__Proteobacteria,c__Alphaproteobacteria,o__Rhizobiales,f__Beijerinckiaceae,g__,s__
K_Offshore_40m_m1_243,Alphaproteobacteria non LD12,d__Bacteria,p__Proteobacteria,c__Alphaproteobacteria,o__Rhizobiales,f__Beijerinckiaceae,g__,s__
K_DeepCast_100m_mx_141,Alphaproteobacteria non LD12,d__Bacteria,p__Proteobacteria,c__Alphaproteobacteria,o__Rhizobiales,f__Beijerinckiaceae,g__Methylocystis,s__
M_DeepCast_200m_mx_060,Alphaproteobacteria non LD12,d__Bacteria,p__Proteobacteria,c__Alphaproteobacteria,o__Rhizobiales,f__Beijerinckiaceae,g__Methylocystis,s__
K_DeepCast_250m_m2_101,Alphaproteobacteria non LD12,d__Bacteria,p__Proteobacteria,c__Alphaproteobacteria,o__Rhizobiales,f__Beijerinckiaceae,g__Methylocystis,s__
M_DeepCast_65m_m1_019,Alphaproteobacteria non LD12,d__Bacteria,p__Proteobacteria,c__Alphaproteobacteria,o__Rhizobiales,f__Beijerinckiaceae,g__Methylocystis,s__
M_DeepCast_65m_m1_022,Alphaproteobacteria non LD12,d__Bacteria,p__Proteobacteria,c__Alphaproteobacteria,o__Rhizobiales,f__Beijerinckiaceae,g__Methylocystis,s__
M_DeepCast_65m_m2_041,Alphaproteobacteria non LD12,d__Bacteria,p__Proteobacteria,c__Alphaproteobacteria,o__Rhizobiales,f__Beijerinckiaceae,g__Methylocystis,s__
M_DeepCast_65m_mx_036,Alphaproteobacteria non LD12,d__Bacteria,p__Proteobacteria,c__Alphaproteobacteria,o__Rhizobiales,f__Beijerinckiaceae,g__Methylocystis,s__
M_DeepCast_65m_m2_016,Alphaproteobacteria non LD12,d__Bacteria,p__Proteobacteria,c__Alphaproteobacteria,o__Rhizobiales,f__Methyloligellaceae,g__Methyloceanibacter,s__
K_Offshore_80m_m2_123,Alphaproteobacteria non LD12,d__Bacteria,p__Proteobacteria,c__Alphaproteobacteria,o__Rhizobiales,f__Xanthobacteraceae,g__,s__
K_DeepCast_35m_m1_317,Alphaproteobacteria non LD12,d__Bacteria,p__Proteobacteria,c__Alphaproteobacteria,o__Rhodobacterales,f__Rhodobacteraceae,g__,s__
K_Offshore_40m_m1_238,Alphaproteobacteria non LD12,d__Bacteria,p__Proteobacteria,c__Alphaproteobacteria,o__Rhodobacterales,f__Rhodobacteraceae,g__,s__
M_DeepCast_400m_m1_328,Alphaproteobacteria non LD12,d__Bacteria,p__Proteobacteria,c__Alphaproteobacteria,o__Rhodobacterales,f__Rhodobacteraceae,g__Paracoccus,s__
K_DeepCast_65m_m1_262,Alphaproteobacteria non LD12,d__Bacteria,p__Proteobacteria,c__Alphaproteobacteria,o__Rhodospirillales,f__,g__,s__
M_DeepCast_65m_m1_275,Alphaproteobacteria non LD12,d__Bacteria,p__Proteobacteria,c__Alphaproteobacteria,o__Rhodospirillales,f__,g__,s__
M_DeepCast_65m_m2_266,Alphaproteobacteria non LD12,d__Bacteria,p__Proteobacteria,c__Alphaproteobacteria,o__Rhodospirillales,f__,g__,s__
K_Offshore_80m_m2_101,Alphaproteobacteria non LD12,d__Bacteria,p__Proteobacteria,c__Alphaproteobacteria,o__Rhodospirillales,f__Rhodospirillaceae,g__,s__
K_Offshore_surface_m2_020,Alphaproteobacteria non LD12,d__Bacteria,p__Proteobacteria,c__Alphaproteobacteria,o__Rickettsiales,f__Rickettsiaceae,g__,s__
K_Offshore_40m_m2_131,Alphaproteobacteria non LD12,d__Bacteria,p__Proteobacteria,c__Alphaproteobacteria,o__Rickettsiales,f__UBA1997,g__,s__
M_DeepCast_50m_m1_063,Alphaproteobacteria non LD12,d__Bacteria,p__Proteobacteria,c__Alphaproteobacteria,o__Rickettsiales,f__UBA1997,g__UBA2645,s__
M_surface_6_m2_121,Alphaproteobacteria non LD12,d__Bacteria,p__Proteobacteria,c__Alphaproteobacteria,o__Rickettsiales,f__UBA1997,g__UBA2645,s__
M_DeepCast_65m_m2_129,Alphaproteobacteria non LD12,d__Bacteria,p__Proteobacteria,c__Alphaproteobacteria,o__Sneathiellales,f__,g__,s__
M_DeepCast_65m_m2_243,Alphaproteobacteria non LD12,d__Bacteria,p__Proteobacteria,c__Alphaproteobacteria,o__Sneathiellales,f__,g__,s__
K_Offshore_80m_m2_061,Alphaproteobacteria non LD12,d__Bacteria,p__Proteobacteria,c__Alphaproteobacteria,o__Sneathiellales,f__,g__,s__
K_Offshore_80m_m2_115,Alphaproteobacteria non LD12,d__Bacteria,p__Proteobacteria,c__Alphaproteobacteria,o__Sneathiellales,f__,g__,s__
K_Offshore_80m_m2_162,Alphaproteobacteria non LD12,d__Bacteria,p__Proteobacteria,c__Alphaproteobacteria,o__Sneathiellales,f__,g__,s__
K_Offshore_80m_m2_186,Alphaproteobacteria non LD12,d__Bacteria,p__Proteobacteria,c__Alphaproteobacteria,o__Sneathiellales,f__,g__,s__
K_Offshore_80m_m2_228,Alphaproteobacteria non LD12,d__Bacteria,p__Proteobacteria,c__Alphaproteobacteria,o__Sneathiellales,f__,g__,s__
K_Offshore_40m_m2_283,Alphaproteobacteria non LD12,d__Bacteria,p__Proteobacteria,c__Alphaproteobacteria,o__Sphingomonadales,f__Sphingomonadaceae,g__Novosphingobium,s__
K_DeepCast_1200m_m2_124,Alphaproteobacteria non LD12,d__Bacteria,p__Proteobacteria,c__Alphaproteobacteria,o__Sphingomonadales,f__Sphingomonadaceae,g__Sphingomonas,s__
M_DeepCast_50m_m2_221,Alphaproteobacteria non LD12,d__Bacteria,p__Proteobacteria,c__Alphaproteobacteria,o__UBA828,f__,g__,s__
K_Offshore_80m_m2_187,Alphaproteobacteria non LD12,d__Bacteria,p__Proteobacteria,c__Alphaproteobacteria,o__UBA828,f__,g__,s__
K_DeepCast_100m_m2_289,Armatimonadetes,d__Bacteria,p__Armatimonadota,c__,o__,f__,g__,s__
K_DeepCast_1200m_m2_191,Armatimonadetes,d__Bacteria,p__Firmicutes_H,c__CSP1-3,o__CSP1-3,f__,g__,s__
K_DeepCast_150m_m2_147,Armatimonadetes,d__Bacteria,p__Armatimonadota,c__UBA5377,o__,f__,g__,s__
K_DeepCast_250m_m2_231,Armatimonadetes,d__Bacteria,p__Armatimonadota,c__UBA5377,o__,f__,g__,s__
M_DeepCast_50m_m2_086,Armatimonadetes,d__Bacteria,p__,c__,o__,f__,g__,s__
M_DeepCast_50m_m2_207,Armatimonadetes,d__Bacteria,p__Armatimonadota,c__,o__,f__,g__,s__
K_Offshore_80m_m1_225,Armatimonadetes,d__Bacteria,p__,c__,o__,f__,g__,s__
M_surface_6_mx_051,Bacteroidetes,d__Bacteria,p__Bacteroidota,c__Bacteroidia,o__Flavobacteriales,f__Crocinitomicaceae,g__UBA952,s__
M_surface_7_m2_191,Bacteroidetes,d__Bacteria,p__Bacteroidota,c__Bacteroidia,o__Chitinophagales,f__Chitinophagaceae,g__,s__
M_surface_7_m2_242,Bacteroidetes,d__Bacteria,p__Bacteroidota,c__Bacteroidia,o__Flavobacteriales,f__Crocinitomicaceae,g__,s__
M_surface_8_m2_110,Bacteroidetes,d__Bacteria,p__Bacteroidota,c__Bacteroidia,o__,f__,g__,s__
M_surface_9_m1_013,Bacteroidetes,d__Bacteria,p__Bacteroidota,c__Bacteroidia,o__Chitinophagales,f__Chitinophagaceae,g__,s__
M_surface_9_m1_241,Bacteroidetes,d__Bacteria,p__Bacteroidota,c__Bacteroidia,o__Chitinophagales,f__Chitinophagaceae,g__,s__
M_surface_9_m1_277,Bacteroidetes,d__Bacteria,p__Bacteroidota,c__Bacteroidia,o__Flavobacteriales,f__UA16,g__,s__
M_surface_9_m1_279,Bacteroidetes,d__Bacteria,p__Bacteroidota,c__Bacteroidia,o__NS11-12g,f__UBA955,g__UBA955,s__
M_surface_9_m1_282,Bacteroidetes,d__Bacteria,p__Bacteroidota,c__Bacteroidia,o__Chitinophagales,f__Chitinophagaceae,g__JJ008,s__
M_surface_9_m2_088,Bacteroidetes,d__Bacteria,p__Bacteroidota,c__Bacteroidia,o__Flavobacteriales,f__Cryomorphaceae,g__Coccinistipes,s__
M_surface_9_mx_130,Bacteroidetes,d__Bacteria,p__Bacteroidota,c__Bacteroidia,o__Chitinophagales,f__Chitinophagaceae,g__,s__
M_surface_9_mx_152,Bacteroidetes,d__Bacteria,p__Bacteroidota,c__Bacteroidia,o__Flavobacteriales,f__UA16,g__,s__
M_surface_10_m2_196,Bacteroidetes,d__Bacteria,p__Bacteroidota,c__Bacteroidia,o__Cytophagales,f__Cyclobacteriaceae,g__Algoriphagus,s__
K_DeepCast_0m_m2_115,Bacteroidetes,d__Bacteria,p__Bacteroidota,c__Bacteroidia,o__Flavobacteriales,f__Crocinitomicaceae,g__UBA952,s__
K_DeepCast_100m_m2_150,Bacteroidetes,d__Bacteria,p__Bacteroidota,c__Bacteroidia,o__Flavobacteriales,f__Crocinitomicaceae,g__UBA952,s__
K_DeepCast_100m_m2_162,Bacteroidetes,d__Bacteria,p__Bacteroidota,c__Bacteroidia,o__Bacteroidales,f__,g__,s__
K_DeepCast_150m_m2_049,Bacteroidetes,d__Bacteria,p__Bacteroidota,c__Bacteroidia,o__Bacteroidales,f__,g__,s__
K_DeepCast_150m_m2_259,Bacteroidetes,d__Bacteria,p__Bacteroidota,c__Bacteroidia,o__Bacteroidales,f__vadinHA17,g__,s__
K_DeepCast_35m_m2_065,Bacteroidetes,d__Bacteria,p__Bacteroidota,c__Bacteroidia,o__NS11-12g,f__UBA955,g__,s__
M_DeepCast_50m_m1_018,Bacteroidetes,d__Bacteria,p__Bacteroidota,c__Bacteroidia,o__Chitinophagales,f__Chitinophagaceae,g__JJ008,s__
M_DeepCast_50m_m1_274,Bacteroidetes,d__Bacteria,p__Bacteroidota,c__Bacteroidia,o__Flavobacteriales,f__Crocinitomicaceae,g__UBA952,s__
M_DeepCast_50m_m1_285,Bacteroidetes,d__Bacteria,p__Bacteroidota,c__Bacteroidia,o__,f__,g__,s__
M_DeepCast_65m_mx_068,Bacteroidetes,d__Bacteria,p__Bacteroidota,c__Bacteroidia,o__Chitinophagales,f__Chitinophagaceae,g__JJ008,s__
K_Offshore_80m_m1_206,Bacteroidetes,d__Bacteria,p__Bacteroidota,c__Bacteroidia,o__Chitinophagales,f__Chitinophagaceae,g__JJ008,s__
K_Offshore_surface_m2_247,Bacteroidetes,d__Bacteria,p__Bacteroidota,c__Bacteroidia,o__Sphingobacteriales,f__Sphingobacteriaceae,g__Pedobacter_A,s__
M_surface_9_m2_059,Bacteroidetes,d__Bacteria,p__Bacteroidota,c__Bacteroidia,o__Flavobacteriales,f__Crocinitomicaceae,g__UBA952,s__
M_surface_9_m2_064,Bacteroidetes,d__Bacteria,p__Bacteroidota,c__Bacteroidia,o__Flavobacteriales,f__Crocinitomicaceae,g__UBA952,s__
K_DeepCast_0m_m2_222,Bacteroidetes,d__Bacteria,p__Bacteroidota,c__Bacteroidia,o__Chitinophagales,f__Chitinophagaceae,g__JJ008,s__
K_DeepCast_35m_m2_130,Bacteroidetes,d__Bacteria,p__Bacteroidota,c__Bacteroidia,o__Flavobacteriales,f__,g__,s__
K_Offshore_40m_m1_251,Bacteroidetes,d__Bacteria,p__Bacteroidota,c__Bacteroidia,o__Cytophagales,f__Cyclobacteriaceae,g__Algoriphagus,s__
K_Offshore_40m_m2_287,Bacteroidetes,d__Bacteria,p__Bacteroidota,c__Bacteroidia,o__Cytophagales,f__Cyclobacteriaceae,g__ELB16-189,s__
K_Offshore_surface_m2_005,Bacteroidetes,d__Bacteria,p__Bacteroidota,c__Bacteroidia,o__Flavobacteriales,f__Crocinitomicaceae,g__UBA952,s__
K_Offshore_0m_mx_046,Bacteroidetes,d__Bacteria,p__Bacteroidota,c__Bacteroidia,o__,f__,g__,s__
M_surface_10_m2_039,Bacteroidetes,d__Bacteria,p__Bacteroidota,c__Bacteroidia,o__NS11-12g,f__UBA955,g__UBA955,s__
K_Offshore_120m_mx_094,Bacteroidetes,d__Bacteria,p__Bacteroidota,c__Bacteroidia,o__,f__,g__,s__
K_DeepCast_35m_m1_052,Bacteroidetes,d__Bacteria,p__Bacteroidota,c__Bacteroidia,o__,f__,g__,s__
K_Offshore_40m_m1_004,Bacteroidetes,d__Bacteria,p__Bacteroidota,c__Bacteroidia,o__Chitinophagales,f__Chitinophagaceae,g__JJ008,s__
M_DeepCast_50m_m2_146,Bacteroidetes,d__Bacteria,p__Bacteroidota,c__Bacteroidia,o__,f__,g__,s__
M_DeepCast_50m_m2_245,Bacteroidetes,d__Bacteria,p__Bacteroidota,c__Bacteroidia,o__,f__,g__,s__
M_surface_9_m1_271,Bacteroidetes,d__Bacteria,p__Bacteroidota,c__Bacteroidia,o__NS11-12g,f__UBA955,g__,s__
M_surface_9_m1_296,Bacteroidetes,d__Bacteria,p__Bacteroidota,c__Bacteroidia,o__Chitinophagales,f__Chitinophagaceae,g__JJ008,s__
M_surface_9_mx_199,Bacteroidetes,d__Bacteria,p__Bacteroidota,c__Bacteroidia,o__Flavobacteriales,f__Crocinitomicaceae,g__UBA952,s__
K_Offshore_surface_m2_088,Bacteroidetes,d__Bacteria,p__Bacteroidota,c__Bacteroidia,o__,f__,g__,s__
K_Offshore_surface_mx_261,Bacteroidetes,d__Bacteria,p__Bacteroidota,c__Bacteroidia,o__,f__,g__,s__
K_Offshore_120m_m2_141,Betaproteobacteria,d__Bacteria,p__Proteobacteria,c__Gammaproteobacteria,o__Betaproteobacteriales,f__,g__,s__
M_surface_7_m1_304,Betaproteobacteria,d__Bacteria,p__Proteobacteria,c__Gammaproteobacteria,o__Betaproteobacteriales,f__Burkholderiaceae,g__,s__
M_surface_9_m1_249,Betaproteobacteria,d__Bacteria,p__Proteobacteria,c__Gammaproteobacteria,o__Betaproteobacteriales,f__Burkholderiaceae,g__,s__
K_DeepCast_35m_m1_286,Betaproteobacteria,d__Bacteria,p__Proteobacteria,c__Gammaproteobacteria,o__Betaproteobacteriales,f__Burkholderiaceae,g__,s__
K_Offshore_40m_m1_237,Betaproteobacteria,d__Bacteria,p__Proteobacteria,c__Gammaproteobacteria,o__Betaproteobacteriales,f__Burkholderiaceae,g__,s__
K_Offshore_40m_mx_035,Betaproteobacteria,d__Bacteria,p__Proteobacteria,c__Gammaproteobacteria,o__Betaproteobacteriales,f__Burkholderiaceae,g__,s__
K_Offshore_surface_m1_273,Betaproteobacteria,d__Bacteria,p__Proteobacteria,c__Gammaproteobacteria,o__Betaproteobacteriales,f__Burkholderiaceae,g__,s__
M_surface_10_m1_315,Betaproteobacteria,d__Bacteria,p__Proteobacteria,c__Gammaproteobacteria,o__Betaproteobacteriales,f__Burkholderiaceae,g__Limnohabitans,s__
K_Offshore_120m_m1_203,Betaproteobacteria,d__Bacteria,p__Proteobacteria,c__Gammaproteobacteria,o__Betaproteobacteriales,f__Burkholderiaceae,g__Limnohabitans,s__
K_Offshore_surface_m1_010,Betaproteobacteria,d__Bacteria,p__Proteobacteria,c__Gammaproteobacteria,o__Betaproteobacteriales,f__Burkholderiaceae,g__Polynucleobacter,s__
M_DeepCast_100m_m2_214,Betaproteobacteria,d__Bacteria,p__Proteobacteria,c__Gammaproteobacteria,o__Betaproteobacteriales,f__Burkholderiaceae,g__UBA2463,s__
K_DeepCast_35m_m1_018,Betaproteobacteria,d__Bacteria,p__Proteobacteria,c__Gammaproteobacteria,o__Betaproteobacteriales,f__Burkholderiaceae,g__UBA2463,s__
K_Offshore_40m_m2_080,Betaproteobacteria,d__Bacteria,p__Proteobacteria,c__Gammaproteobacteria,o__Betaproteobacteriales,f__Burkholderiaceae,g__UBA3064,s__
K_Offshore_surface_m2_092,Betaproteobacteria,d__Bacteria,p__Proteobacteria,c__Gammaproteobacteria,o__Betaproteobacteriales,f__Burkholderiaceae,g__UBA3064,s__
K_DeepCast_150m_m2_250,Betaproteobacteria,d__Bacteria,p__Proteobacteria,c__Gammaproteobacteria,o__Betaproteobacteriales,f__Hydrogenophilaceae,g__,s__
K_DeepCast_150m_m1_387,Betaproteobacteria,d__Bacteria,p__Proteobacteria,c__Gammaproteobacteria,o__Betaproteobacteriales,f__Hydrogenophilaceae,g__UBA3361,s__
M_DeepCast_65m_m2_126,Betaproteobacteria,d__Bacteria,p__Proteobacteria,c__Gammaproteobacteria,o__Betaproteobacteriales,f__Methylophilaceae,g__Methylotenera,s__
M_DeepCast_100m_m1_373,Betaproteobacteria,d__Bacteria,p__Proteobacteria,c__Gammaproteobacteria,o__Betaproteobacteriales,f__Rhodocyclaceae,g__UTPRO2,s__
K_DeepCast_35m_m2_259,Betaproteobacteria,d__Bacteria,p__Proteobacteria,c__Gammaproteobacteria,o__Betaproteobacteriales,f__SG8-39,g__,s__
K_Offshore_40m_m1_259,Betaproteobacteria,d__Bacteria,p__Proteobacteria,c__Gammaproteobacteria,o__Betaproteobacteriales,f__SG8-39,g__,s__
K_Offshore_40m_m2_212,Betaproteobacteria,d__Bacteria,p__Proteobacteria,c__Gammaproteobacteria,o__Betaproteobacteriales,f__SG8-39,g__,s__
K_DeepCast_65m_m2_129,Betaproteobacteria,d__Bacteria,p__Proteobacteria,c__Gammaproteobacteria,o__Betaproteobacteriales,f__SG8-39,g__,s__
K_Offshore_80m_m2_043,Betaproteobacteria,d__Bacteria,p__Proteobacteria,c__Gammaproteobacteria,o__Betaproteobacteriales,f__SG8-39,g__,s__
K_Offshore_40m_m1_292,Betaproteobacteria,d__Bacteria,p__Proteobacteria,c__Gammaproteobacteria,o__Betaproteobacteriales,f__SG8-41,g__,s__
K_Offshore_80m_m1_178,Betaproteobacteria,d__Bacteria,p__Proteobacteria,c__Gammaproteobacteria,o__Betaproteobacteriales,f__SG8-41,g__,s__
K_Offshore_80m_m2_113,Betaproteobacteria,d__Bacteria,p__Proteobacteria,c__Gammaproteobacteria,o__Betaproteobacteriales,f__SG8-41,g__,s__
K_DeepCast_250m_m2_227,Calditrichaeota,d__Bacteria,p__,c__,o__,f__,g__,s__
M_DeepCast_400m_m2_340,Calditrichaeota,d__Bacteria,p__,c__,o__,f__,g__,s__
M_DeepCast_65m_m1_265,Calditrichaeota,d__Bacteria,p__,c__,o__,f__,g__,s__
M_surface_7_m1_001,Chlamydiae,d__Bacteria,p__Verrucomicrobiota,c__Chlamydiia,o__,f__,g__,s__
M_surface_9_m2_137,Chlamydiae,d__Bacteria,p__Verrucomicrobiota,c__Chlamydiia,o__Parachlamydiales,f__Ga0074140,g__,s__
K_Offshore_120m_m2_055,Chlamydiae,d__Bacteria,p__Verrucomicrobiota,c__Chlamydiia,o__Parachlamydiales,f__Ga0074140,g__,s__
K_DeepCast_35m_m1_012,Chlamydiae,d__Bacteria,p__Verrucomicrobiota,c__Chlamydiia,o__,f__,g__,s__
K_DeepCast_35m_m1_073,Chlamydiae,d__Bacteria,p__Verrucomicrobiota,c__Chlamydiia,o__,f__,g__,s__
K_DeepCast_35m_m2_096,Chlamydiae,d__Bacteria,p__Verrucomicrobiota,c__Chlamydiia,o__,f__,g__,s__
K_DeepCast_35m_m2_204,Chlamydiae,d__Bacteria,p__Verrucomicrobiota,c__Chlamydiia,o__,f__,g__,s__
M_DeepCast_50m_m2_029,Chlamydiae,d__Bacteria,p__Verrucomicrobiota,c__Chlamydiia,o__Parachlamydiales,f__Simkaniaceae,g__,s__
M_DeepCast_50m_m2_194,Chlamydiae,d__Bacteria,p__Verrucomicrobiota,c__Chlamydiia,o__Parachlamydiales,f__SM23-39,g__,s__
K_DeepCast_1200m_m2_283,Chlorobi,d__Bacteria,p__Bacteroidota,c__Chlorobia,o__Chlorobiales,f__Chlorobiaceae,g__Chlorobium,s__
M_DeepCast_65m_m2_268,Chlorobi,d__Bacteria,p__Bacteroidota,c__Chlorobia,o__Chlorobiales,f__Chlorobiaceae,g__Chlorobium,s__
K_DeepCast_100m_m1_112,Chloroflexi,d__Bacteria,p__Chloroflexota,c__Dehalococcoidia,o__GIF9,f__UBA5620,g__,s__
K_DeepCast_100m_m2_152,Chloroflexi,d__Bacteria,p__Chloroflexota,c__Dehalococcoidia,o__GIF9,f__UBA5620,g__,s__
K_DeepCast_100m_m2_203,Chloroflexi,d__Bacteria,p__Chloroflexota,c__Anaerolineae,o__Anaerolineales,f__envOPS12,g__,s__
K_DeepCast_100m_m2_305,Chloroflexi,d__Bacteria,p__Chloroflexota,c__Anaerolineae,o__Anaerolineales,f__envOPS12,g__,s__
M_DeepCast_100m_mx_191,Chloroflexi,d__Bacteria,p__Chloroflexota,c__Dehalococcoidia,o__GIF9,f__UBA5620,g__,s__
M_DeepCast_100m_mx_312,Chloroflexi,d__Bacteria,p__Chloroflexota,c__,o__,f__,g__,s__
K_DeepCast_1200m_m1_255,Chloroflexi,d__Bacteria,p__Chloroflexota,c__Anaerolineae,o__UBA1429,f__UBA1429,g__,s__
K_Offshore_120m_m2_037,Chloroflexi,d__Bacteria,p__Chloroflexota,c__Dehalococcoidia,o__UBA2979,f__UBA2979,g__,s__
K_DeepCast_150m_m1_015,Chloroflexi,d__Bacteria,p__Chloroflexota,c__Dehalococcoidia,o__GIF9,f__UBA5620,g__,s__
K_DeepCast_150m_m1_063,Chloroflexi,d__Bacteria,p__Chloroflexota,c__Dehalococcoidia,o__GIF9,f__UBA5620,g__,s__
K_DeepCast_150m_m2_048,Chloroflexi,d__Bacteria,p__Chloroflexota,c__Dehalococcoidia,o__,f__,g__,s__
K_DeepCast_150m_m2_071,Chloroflexi,d__Bacteria,p__Chloroflexota,c__Anaerolineae,o__Anaerolineales,f__envOPS12,g__,s__
K_DeepCast_150m_m2_126,Chloroflexi,d__Bacteria,p__Chloroflexota,c__Anaerolineae,o__Anaerolineales,f__,g__,s__
K_DeepCast_150m_m2_167,Chloroflexi,d__Bacteria,p__Chloroflexota,c__Anaerolineae,o__Anaerolineales,f__Anaerolineaceae,g__,s__
M_DeepCast_200m_m2_194,Chloroflexi,d__Bacteria,p__Chloroflexota,c__Dehalococcoidia,o__,f__,g__,s__
M_DeepCast_200m_m2_208,Chloroflexi,d__Bacteria,p__Chloroflexota,c__Dehalococcoidia,o__GIF9,f__UBA5620,g__,s__
M_DeepCast_200m_mx_194,Chloroflexi,d__Bacteria,p__Chloroflexota,c__Dehalococcoidia,o__GIF9,f__UBA5620,g__,s__
K_DeepCast_250m_m1_047,Chloroflexi,d__Bacteria,p__Chloroflexota,c__Dehalococcoidia,o__GIF9,f__UBA5620,g__,s__
K_DeepCast_250m_m1_199,Chloroflexi,d__Bacteria,p__Chloroflexota,c__Anaerolineae,o__,f__,g__,s__
K_DeepCast_250m_m1_342,Chloroflexi,d__Bacteria,p__Chloroflexota,c__Anaerolineae,o__Anaerolineales,f__,g__,s__
K_DeepCast_250m_m2_061,Chloroflexi,d__Bacteria,p__Chloroflexota,c__Anaerolineae,o__,f__,g__,s__
K_DeepCast_250m_m2_143,Chloroflexi,d__Bacteria,p__Chloroflexota,c__Dehalococcoidia,o__UBA2777,f__,g__,s__
K_DeepCast_250m_m2_195,Chloroflexi,d__Bacteria,p__Chloroflexota,c__Dehalococcoidia,o__GIF9,f__UBA5620,g__,s__
K_DeepCast_250m_m2_317,Chloroflexi,d__Bacteria,p__Chloroflexota,c__Anaerolineae,o__,f__,g__,s__
K_DeepCast_250m_mx_116,Chloroflexi,d__Bacteria,p__Chloroflexota,c__Dehalococcoidia,o__Dehalococcoidales,f__RBG-16-60-22,g__,s__
M_DeepCast_400m_m2_020,Chloroflexi,d__Bacteria,p__Chloroflexota,c__Dehalococcoidia,o__UBA2777,f__,g__,s__
M_DeepCast_400m_m2_044,Chloroflexi,d__Bacteria,p__Chloroflexota,c__Dehalococcoidia,o__GIF9,f__UBA5620,g__,s__
M_DeepCast_400m_m2_207,Chloroflexi,d__Bacteria,p__Chloroflexota,c__Dehalococcoidia,o__GIF9,f__UBA5620,g__,s__
M_DeepCast_400m_m2_252,Chloroflexi,d__Bacteria,p__Chloroflexota,c__Dehalococcoidia,o__GIF9,f__UBA5620,g__,s__
M_DeepCast_400m_m2_269,Chloroflexi,d__Bacteria,p__Chloroflexota,c__Dehalococcoidia,o__Dehalococcoidales,f__,g__,s__
M_DeepCast_400m_m2_351,Chloroflexi,d__Bacteria,p__Chloroflexota,c__Anaerolineae,o__,f__,g__,s__
M_DeepCast_50m_m2_054,Chloroflexi,d__Bacteria,p__Chloroflexota,c__Ellin6529,o__P2-11E,f__P2-11E,g__,s__
M_DeepCast_65m_m1_226,Chloroflexi,d__Bacteria,p__Chloroflexota,c__Anaerolineae,o__Anaerolineales,f__,g__,s__
M_DeepCast_65m_m2_156,Chloroflexi,d__Bacteria,p__Chloroflexota,c__Anaerolineae,o__Anaerolineales,f__envOPS12,g__OLB14,s__
K_Offshore_80m_m1_189,Chloroflexi,d__Bacteria,p__Chloroflexota,c__,o__,f__,g__,s__
K_Offshore_80m_m2_157,Chloroflexi,d__Bacteria,p__Chloroflexota,c__Ellin6529,o__P2-11E,f__P2-11E,g__,s__
K_Offshore_80m_m2_170,Chloroflexi,d__Bacteria,p__Chloroflexota,c__Dehalococcoidia,o__UBA2979,f__,g__,s__
K_Offshore_80m_m2_183,Chloroflexi,d__Bacteria,p__Chloroflexota,c__Dehalococcoidia,o__UBA2979,f__UBA2979,g__,s__
K_Offshore_80m_m2_197,Chloroflexi,d__Bacteria,p__Chloroflexota,c__Ellin6529,o__CSP1-4,f__CSP1-4,g__,s__
K_Offshore_80m_m2_218,Chloroflexi,d__Bacteria,p__Chloroflexota,c__Dehalococcoidia,o__,f__,g__,s__
K_Offshore_surface_m1_220,Chloroflexi,d__Bacteria,p__Chloroflexota,c__Chloroflexia,o__Chloroflexales,f__Roseiflexaceae,g__,s__
K_Offshore_120m_m2_146,Chloroflexi,d__Bacteria,p__Chloroflexota,c__Dehalococcoidia,o__SAR202,f__,g__,s__
M_DeepCast_50m_m2_018,Chloroflexi,d__Bacteria,p__Chloroflexota,c__Dehalococcoidia,o__UBA1151,f__UBA1151,g__,s__
K_DeepCast_65m_m1_015,Chloroflexi,d__Bacteria,p__Chloroflexota,c__Dehalococcoidia,o__,f__,g__,s__
K_DeepCast_65m_m2_033,Chloroflexi,d__Bacteria,p__Chloroflexota,c__Dehalococcoidia,o__UBA3495,f__UBA3495,g__,s__
K_Offshore_80m_m1_004,Chloroflexi,d__Bacteria,p__Chloroflexota,c__Dehalococcoidia,o__SAR202,f__,g__,s__
K_Offshore_80m_m2_034,Chloroflexi,d__Bacteria,p__Chloroflexota,c__Dehalococcoidia,o__UBA2963,f__,g__,s__
K_Offshore_80m_m2_079,Chloroflexi,d__Bacteria,p__Chloroflexota,c__Dehalococcoidia,o__SAR202,f__,g__,s__
K_Offshore_80m_m2_084,Chloroflexi,d__Bacteria,p__Chloroflexota,c__Dehalococcoidia,o__UBA3495,f__,g__,s__
K_DeepCast_250m_m1_172,CP Aenigmarchaeota,d__Archaea,p__Nanoarchaeota,c__Aenigmarchaeia,o__,f__,g__,s__
M_DeepCast_200m_m2_220,CP Altiarchaeota,d__Archaea,p__Altiarchaeota,c__Altiarchaeia,o__SCGC-AAA252-I15,f__,g__,s__
K_DeepCast_150m_m1_388,CP Aminicemantes (OP8),d__Bacteria,p__Acidobacteriota,c__Aminicenantia,o__Aminicenantales,f__UBA4085,g__,s__
K_DeepCast_250m_m1_044,CP Aminicemantes (OP8),d__Bacteria,p__Acidobacteriota,c__Aminicenantia,o__Aminicenantales,f__UBA4085,g__,s__
M_DeepCast_400m_m2_133,CP Aminicemantes (OP8),d__Bacteria,p__Acidobacteriota,c__Aminicenantia,o__Aminicenantales,f__,g__,s__
M_DeepCast_400m_m2_244,CP Aminicemantes (OP8),d__Bacteria,p__Acidobacteriota,c__Aminicenantia,o__Aminicenantales,f__UBA4085,g__,s__
M_DeepCast_400m_m2_293,CP Aminicemantes (OP8),d__Bacteria,p__Acidobacteriota,c__Aminicenantia,o__Aminicenantales,f__,g__,s__
K_DeepCast_250m_m2_015,CP Bathyarchaeota,d__Archaea,p__Crenarchaeota,c__Bathyarchaeia,o__TCS64,f__TCS64,g__,s__
K_DeepCast_250m_mx_298,CP Bathyarchaeota,d__Archaea,p__Crenarchaeota,c__Bathyarchaeia,o__B26-1,f__UBA233,g__,s__
K_DeepCast_1200m_m1_317,CP BRC1,d__Bacteria,p__,c__,o__,f__,g__,s__
K_DeepCast_150m_m1_344,CP Eisenbacteria,d__Bacteria,p__Gemmatimonadota,c__,o__,f__,g__,s__
M_DeepCast_400m_m1_028,CP Eisenbacteria,d__Bacteria,p__,c__,o__,f__,g__,s__
M_DeepCast_400m_m2_100,CP Eisenbacteria,d__Bacteria,p__,c__,o__,f__,g__,s__
K_DeepCast_250m_m1_333,CP Eisenbacteria,d__Bacteria,p__,c__,o__,f__,g__,s__
K_DeepCast_250m_m1_078,CP Gottesmanbacteria,d__Bacteria,p__Patescibacteria,c__Microgenomatia,o__Gottesmanbacterales,f__GWA2-43-14,g__,s__
M_DeepCast_400m_m2_153,CP Gribaldobacteria,d__Bacteria,p__Patescibacteria,c__Paceibacteria,o__Paceibacterales,f__CG1-02-41-26,g__,s__
K_DeepCast_65m_m1_133,CP Handelsmanbacteria,d__Bacteria,p__Latescibacterota,c__UBA2968,o__UBA8231,f__,g__,s__
K_Offshore_120m_m1_041,CP Harrisonbacteria,d__Bacteria,p__Patescibacteria,c__Paceibacteria,o__UBA6257,f__Harrisonbacteraceae,g__,s__
M_DeepCast_65m_m2_204,CP Hydrogenedentes,d__Bacteria,p__Hydrogenedentota,c__Hydrogenedentia,o__Hydrogenedentiales,f__UBA2224,g__,s__
M_DeepCast_65m_m1_095,CP Kaiserbacteria,d__Bacteria,p__Patescibacteria,c__Paceibacteria,o__UBA9983,f__Kaiserbacteraceae,g__UBA10103,s__
M_DeepCast_65m_mx_099,CP Kaiserbacteria,d__Bacteria,p__Patescibacteria,c__Paceibacteria,o__UBA9983,f__Kaiserbacteraceae,g__UBA10103,s__
M_DeepCast_50m_m2_187,CP Liptonbacteria,d__Bacteria,p__Patescibacteria,c__Paceibacteria,o__UBA6257,f__,g__,s__
K_DeepCast_150m_m2_305,CP Moranbacteria,d__Bacteria,p__Patescibacteria,c__Paceibacteria,o__,f__,g__,s__
K_DeepCast_250m_m1_236,CP Nealsonbacteria,d__Bacteria,p__Patescibacteria,c__Paceibacteria,o__Paceibacterales,f__,g__,s__
M_DeepCast_400m_m2_122,CP Nealsonbacteria,d__Bacteria,p__Patescibacteria,c__Paceibacteria,o__Paceibacterales,f__Nealsonbacteraceae,g__,s__
K_Offshore_120m_m2_023,CP Pacearchaeota,d__Archaea,p__Nanoarchaeota,c__Woesearchaeia,o__Pacearchaeales,f__UBA73,g__,s__
K_Offshore_80m_m2_097,CP Pacearchaeota,d__Archaea,p__Nanoarchaeota,c__Woesearchaeia,o__Pacearchaeales,f__UBA73,g__,s__
M_DeepCast_400m_m2_082,CP Pacearchaeota,d__Archaea,p__Nanoarchaeota,c__Woesearchaeia,o__Pacearchaeales,f__,g__,s__
M_DeepCast_50m_m2_169,CP Pacearchaeota,d__Archaea,p__Nanoarchaeota,c__Woesearchaeia,o__Pacearchaeales,f__UBA73,g__,s__
K_DeepCast_100m_m1_149,CP Pacearchaeota,d__Archaea,p__Nanoarchaeota,c__Woesearchaeia,o__Pacearchaeales,f__,g__,s__
M_DeepCast_400m_m2_303,CP Pacearchaeota,d__Archaea,p__Nanoarchaeota,c__Woesearchaeia,o__Pacearchaeales,f__GW2011-AR1,g__,s__
M_DeepCast_65m_mx_140,CP Parvarchaeota,d__Archaea,p__Micrarchaeota,c__Micrarchaeia,o__UBA10214,f__,g__,s__
K_Offshore_120m_m1_009,CP Peribacteria,d__Bacteria,p__Patescibacteria,c__Gracilibacteria,o__Peribacterales,f__Peribacteraceae,g__,s__
K_DeepCast_65m_m2_238,CP Perigrinibacteria,d__Bacteria,p__Patescibacteria,c__Gracilibacteria,o__Peribacterales,f__Peribacteraceae,g__,s__
M_DeepCast_200m_m2_052,CP Poribacteria,d__Bacteria,p__Poribacteria,c__WGA-4E,o__,f__,g__,s__
K_DeepCast_300m_m1_220,CP Poribacteria,d__Bacteria,p__,c__,o__,f__,g__,s__
M_DeepCast_65m_m2_014,CP Poribacteria,d__Bacteria,p__Poribacteria,c__WGA-4E,o__,f__,g__,s__
M_DeepCast_50m_m1_133,CP Rokubacteria,d__Bacteria,p__Methylomirabilota,c__Methylomirabilia,o__Rokubacteriales,f__GWA2-73-35,g__,s__
M_DeepCast_50m_m1_244,CP Rokubacteria,d__Bacteria,p__Methylomirabilota,c__Methylomirabilia,o__Rokubacteriales,f__GWA2-73-35,g__,s__
K_DeepCast_1200m_m2_081,CP Saccharibacteria,d__Bacteria,p__Patescibacteria,c__Saccharimonadia,o__Saccharimonadales,f__Saccharimonadaceae,g__,s__
K_DeepCast_150m_m1_139,CP Shapirobacteria,d__Bacteria,p__Patescibacteria,c__Microgenomatia,o__Shapirobacterales,f__,g__,s__
K_DeepCast_250m_mx_219,CP Shapirobacteria,d__Bacteria,p__Patescibacteria,c__Microgenomatia,o__Shapirobacterales,f__,g__,s__
M_DeepCast_50m_m2_049,CP Staskawiczbacteria,d__Bacteria,p__Patescibacteria,c__Paceibacteria,o__Paceibacterales,f__Staskawiczbacteraceae,g__,s__
K_Offshore_40m_m2_103,Sericytochromatia Tanganyikabacteria,d__Bacteria,p__Cyanobacteriota,c__Sericytochromatia,o__,f__,g__,s__
K_DeepCast_65m_m2_236,Sericytochromatia Tanganyikabacteria,d__Bacteria,p__Cyanobacteriota,c__Sericytochromatia,o__,f__,g__,s__
M_DeepCast_65m_m2_071,Sericytochromatia Tanganyikabacteria,d__Bacteria,p__Cyanobacteriota,c__Sericytochromatia,o__S15B-MN24,f__,g__,s__
K_DeepCast_65m_m2_066,CP Tectomicrobia,d__Bacteria,p__,c__,o__,f__,g__,s__
K_Offshore_120m_m2_035,CP TM6,d__Bacteria,p__Dependentiae,c__Babeliae,o__Babeliales,f__RVW-14,g__,s__
K_DeepCast_35m_m1_037,CP TM6,d__Bacteria,p__Dependentiae,c__Babeliae,o__Babeliales,f__RVW-14,g__,s__
K_Offshore_40m_m1_063,CP TM6,d__Bacteria,p__Dependentiae,c__Babeliae,o__Babeliales,f__,g__,s__
M_DeepCast_50m_m2_233,CP Urhbacteria,d__Bacteria,p__Patescibacteria,c__ABY1,o__Uhrbacterales,f__GWF2-40-263,g__,s__
M_DeepCast_50m_m1_090,CP Urhbacteria,d__Bacteria,p__Patescibacteria,c__ABY1,o__Uhrbacterales,f__2-12-FULL-60-25,g__,s__
M_DeepCast_400m_m2_128,CP Verstratearchaeota,d__Archaea,p__Crenarchaeota,c__Methanomethylicia,o__Methanomethyliales,f__Methanomethyliaceae,g__,s__
K_DeepCast_150m_m2_086,CP WOR-2 Omnitrophica,d__Bacteria,p__Omnitrophota,c__koll11,o__GIF10,f__UBA6249,g__,s__
M_DeepCast_200m_m2_189,CP WOR-2 Omnitrophica,d__Bacteria,p__Omnitrophota,c__koll11,o__GIF10,f__UBA6249,g__,s__
K_DeepCast_250m_m2_027,CP WOR-2 Omnitrophica,d__Bacteria,p__Omnitrophota,c__koll11,o__,f__,g__,s__
M_DeepCast_400m_m1_102,CP WOR-2 Omnitrophica,d__Bacteria,p__Omnitrophota,c__koll11,o__,f__,g__,s__
M_DeepCast_400m_m2_096,CP WOR-2 Omnitrophica,d__Bacteria,p__Omnitrophota,c__koll11,o__GIF10,f__UBA6249,g__,s__
M_DeepCast_400m_m2_183,CP WOR-2 Omnitrophica,d__Bacteria,p__Omnitrophota,c__koll11,o__GIF10,f__UBA6249,g__,s__
K_DeepCast_150m_m1_084,CP WOR-2 Omnitrophica,d__Bacteria,p__Omnitrophota,c__koll11,o__GIF10,f__UBA6249,g__,s__
K_DeepCast_250m_m2_062,CP WOR-2 Omnitrophica,d__Bacteria,p__Omnitrophota,c__koll11,o__,f__,g__,s__
K_DeepCast_150m_m2_040,CP WOR-3,d__Bacteria,p__WOR-3,c__WOR-3,o__UBA2258,f__UBA2258,g__,s__
K_DeepCast_150m_m2_307,CP WOR-3,d__Bacteria,p__WOR-3,c__WOR-3,o__UBA2258,f__UBA2258,g__,s__
K_DeepCast_250m_m1_105,CP WOR-3,d__Bacteria,p__WOR-3,c__WOR-3,o__UBA2258,f__UBA2258,g__,s__
M_DeepCast_400m_m1_356,CP WOR-3,d__Bacteria,p__WOR-3,c__WOR-3,o__UBA2258,f__UBA2258,g__,s__
K_DeepCast_150m_m2_105,CP WWE1,d__Bacteria,p__Cloacimonadota,c__Cloacimonadia,o__Cloacimonadales,f__Cloacimonadaceae,g__,s__
K_DeepCast_250m_m1_043,CP WWE1,d__Bacteria,p__Cloacimonadota,c__Cloacimonadia,o__Cloacimonadales,f__Cloacimonadaceae,g__,s__
M_DeepCast_400m_m2_266,CP WWE3,d__Bacteria,p__Patescibacteria,c__4484-211,o__4484-211,f__,g__,s__
K_DeepCast_100m_m2_307,CP Ziwabacteria,d__Bacteria,p__UBP1,c__PRR-12,o__,f__,g__,s__
K_DeepCast_100m_m2_321,CP Ziwabacteria,d__Bacteria,p__UBP1,c__PRR-12,o__,f__,g__,s__
K_Offshore_80m_m2_058,CP Zixibacteria,d__Bacteria,p__Latescibacterota,c__,o__,f__,g__,s__
M_surface_7_m2_037,Cyanobacteria,d__Bacteria,p__Cyanobacteriota,c__Cyanobacteriia,o__Synechococcales_A,f__Cyanobiaceae,g__Cyanobium,s__
M_surface_7_m2_040,Cyanobacteria,d__Bacteria,p__Cyanobacteriota,c__Cyanobacteriia,o__Synechococcales_A,f__Cyanobiaceae,g__Cyanobium,s__
M_surface_9_m1_291,Cyanobacteria,d__Bacteria,p__Cyanobacteriota,c__Cyanobacteriia,o__Synechococcales_A,f__Cyanobiaceae,g__Cyanobium,s__
M_surface_10_m1_298,Cyanobacteria,d__Bacteria,p__Cyanobacteriota,c__Cyanobacteriia,o__Synechococcales_A,f__Cyanobiaceae,g__Cyanobium,s__
M_surface_10_m2_119,Cyanobacteria,d__Bacteria,p__Cyanobacteriota,c__Cyanobacteriia,o__Synechococcales_A,f__Cyanobiaceae,g__Cyanobium,s__
M_surface_10_m2_179,Cyanobacteria,d__Bacteria,p__Cyanobacteriota,c__Cyanobacteriia,o__Synechococcales_A,f__Cyanobiaceae,g__Cyanobium,s__
K_DeepCast_0m_m1_088,Cyanobacteria,d__Bacteria,p__Cyanobacteriota,c__Cyanobacteriia,o__Synechococcales_A,f__Cyanobiaceae,g__Cyanobium,s__
K_Offshore_0m_m2_072,Cyanobacteria,d__Bacteria,p__Cyanobacteriota,c__Cyanobacteriia,o__Synechococcales_A,f__Cyanobiaceae,g__Cyanobium,s__
M_DeepCast_100m_m1_067,Cyanobacteria,d__Bacteria,p__Cyanobacteriota,c__Cyanobacteriia,o__Synechococcales_A,f__Cyanobiaceae,g__Cyanobium,s__
K_DeepCast_150m_m2_101,Cyanobacteria,d__Bacteria,p__Cyanobacteriota,c__Cyanobacteriia,o__Synechococcales_A,f__Cyanobiaceae,g__Cyanobium,s__
M_DeepCast_200m_mx_001,Cyanobacteria,d__Bacteria,p__Cyanobacteriota,c__Cyanobacteriia,o__Synechococcales_A,f__Cyanobiaceae,g__Cyanobium,s__
K_DeepCast_35m_m1_288,Cyanobacteria,d__Bacteria,p__Cyanobacteriota,c__Cyanobacteriia,o__Synechococcales_A,f__Cyanobiaceae,g__Cyanobium,s__
K_DeepCast_35m_m2_023,Cyanobacteria,d__Bacteria,p__Cyanobacteriota,c__Cyanobacteriia,o__Synechococcales_A,f__Cyanobiaceae,g__Cyanobium,s__
K_DeepCast_35m_m2_155,Cyanobacteria,d__Bacteria,p__Cyanobacteriota,c__Cyanobacteriia,o__Synechococcales_A,f__Cyanobiaceae,g__Cyanobium,s__
K_Offshore_surface_m2_011,Cyanobacteria,d__Bacteria,p__Cyanobacteriota,c__Cyanobacteriia,o__Synechococcales_A,f__Cyanobiaceae,g__Cyanobium,s__
K_Offshore_surface_m2_239,Cyanobacteria,d__Bacteria,p__Cyanobacteriota,c__Cyanobacteriia,o__Synechococcales_A,f__Cyanobiaceae,g__Cyanobium,s__
K_DeepCast_150m_m1_356,Deltaproteobacteria,d__Bacteria,p__,c__,o__,f__,g__,s__
M_DeepCast_100m_m2_010,Deltaproteobacteria,d__Bacteria,p__Bdellovibrionota,c__,o__,f__,g__,s__
K_Offshore_120m_m2_196,Deltaproteobacteria,d__Bacteria,p__Bdellovibrionota,c__,o__,f__,g__,s__
K_Offshore_80m_m2_119,Deltaproteobacteria,d__Bacteria,p__Bdellovibrionota,c__Oligoflexia,o__Oligoflexales,f__,g__,s__
K_DeepCast_150m_m1_110,Deltaproteobacteria,d__Bacteria,p__Desulfobacterota,c__BSN033,o__,f__,g__,s__
K_DeepCast_100m_m1_199,Deltaproteobacteria,d__Bacteria,p__Desulfobacterota,c__BSN033,o__BSN033,f__UBA1163,g__,s__
K_DeepCast_100m_m2_189,Deltaproteobacteria,d__Bacteria,p__Desulfobacterota,c__BSN033,o__BSN033,f__UBA1163,g__,s__
K_DeepCast_100m_mx_276,Deltaproteobacteria,d__Bacteria,p__Desulfobacterota,c__BSN033,o__BSN033,f__UBA1163,g__,s__
K_DeepCast_1200m_m2_207,Deltaproteobacteria,d__Bacteria,p__Desulfobacterota,c__BSN033,o__BSN033,f__UBA1163,g__,s__
K_DeepCast_150m_m2_257,Deltaproteobacteria,d__Bacteria,p__Desulfobacterota,c__BSN033,o__BSN033,f__UBA1163,g__,s__
K_DeepCast_250m_m2_302,Deltaproteobacteria,d__Bacteria,p__Desulfobacterota,c__BSN033,o__BSN033,f__UBA1163,g__,s__
K_DeepCast_150m_m2_098,Deltaproteobacteria,d__Bacteria,p__Desulfobacterota,c__Desulfobaccia,o__Desulfobaccales,f__,g__,s__
K_DeepCast_250m_m1_077,Deltaproteobacteria,d__Bacteria,p__Desulfobacterota,c__Desulfobaccia,o__Desulfobaccales,f__,g__,s__
K_DeepCast_250m_m2_102,Deltaproteobacteria,d__Bacteria,p__Desulfobacterota,c__Desulfobaccia,o__Desulfobaccales,f__,g__,s__
K_DeepCast_300m_m2_211,Deltaproteobacteria,d__Bacteria,p__Desulfobacterota,c__Desulfobaccia,o__Desulfobaccales,f__,g__,s__
K_DeepCast_300m_m2_247,Deltaproteobacteria,d__Bacteria,p__Desulfobacterota,c__Desulfobaccia,o__Desulfobaccales,f__Desulfobaccaceae,g__,s__
K_DeepCast_300m_mx_218,Deltaproteobacteria,d__Bacteria,p__Desulfobacterota,c__Desulfomonilia,o__,f__,g__,s__
K_DeepCast_150m_m1_199,Deltaproteobacteria,d__Bacteria,p__Desulfobacterota,c__Desulfomonilia,o__,f__,g__,s__
M_DeepCast_400m_m1_009,Deltaproteobacteria,d__Bacteria,p__Desulfobacterota,c__Syntrophia,o__Syntrophales,f__,g__,s__
K_DeepCast_150m_m2_113,Deltaproteobacteria,d__Bacteria,p__Desulfobacterota,c__Syntrophia,o__Syntrophales,f__UBA5619,g__UBA5619,s__
K_DeepCast_100m_m1_326,Deltaproteobacteria,d__Bacteria,p__Myxococcota,c__,o__,f__,g__,s__
K_DeepCast_100m_mx_210,Deltaproteobacteria,d__Bacteria,p__Myxococcota,c__,o__,f__,g__,s__
M_DeepCast_400m_m1_331,Deltaproteobacteria,d__Bacteria,p__Myxococcota,c__,o__,f__,g__,s__
K_DeepCast_100m_m2_268,Deltaproteobacteria,d__Bacteria,p__Myxococcota,c__,o__,f__,g__,s__
K_Offshore_0m_m1_055,Deltaproteobacteria,d__Bacteria,p__Myxococcota,c__Myxococcia,o__Myxococcales,f__Myxococcaceae,g__,s__
K_Offshore_80m_m2_039,Deltaproteobacteria,d__Bacteria,p__Myxococcota,c__Polyangia,o__Polyangiales,f__,g__,s__
K_DeepCast_35m_m2_009,Deltaproteobacteria,d__Bacteria,p__Myxococcota,c__Polyangia,o__Polyangiales,f__Polyangiaceae,g__,s__
K_DeepCast_35m_m2_046,Deltaproteobacteria,d__Bacteria,p__Myxococcota,c__Polyangia,o__Polyangiales,f__Polyangiaceae,g__,s__
K_DeepCast_100m_m2_324,Deltaproteobacteria,d__Bacteria,p__Myxococcota,c__UBA4248,o__,f__,g__,s__
M_DeepCast_200m_m2_133,Deltaproteobacteria,d__Bacteria,p__Myxococcota,c__UBA4248,o__,f__,g__,s__
K_DeepCast_35m_m1_177,Deltaproteobacteria,d__Bacteria,p__Myxococcota,c__UBA4248,o__UBA7976,f__UBA1532,g__,s__
K_DeepCast_35m_m1_088,Deltaproteobacteria,d__Bacteria,p__Myxococcota,c__UBA727,o__UBA727,f__,g__,s__
K_Offshore_120m_m2_200,Deltaproteobacteria,d__Bacteria,p__Myxococcota,c__UBA796,o__UBA796,f__,g__,s__
M_DeepCast_65m_m2_104,Deltaproteobacteria,d__Bacteria,p__Myxococcota,c__UBA796,o__UBA796,f__,g__,s__
M_DeepCast_65m_m1_011,Deltaproteobacteria,d__Bacteria,p__Myxococcota,c__UBA9042,o__,f__,g__,s__
K_Offshore_120m_mx_162,Deltaproteobacteria,d__Bacteria,p__Myxococcota,c__UBA9160,o__UBA9160,f__UBA6930,g__,s__
K_DeepCast_65m_m1_217,Deltaproteobacteria,d__Bacteria,p__UBP10,c__GR-WP33-30,o__,f__,g__,s__
K_DeepCast_65m_m2_035,Deltaproteobacteria,d__Bacteria,p__UBP10,c__GR-WP33-30,o__,f__,g__,s__
K_Offshore_80m_m1_159,Deltaproteobacteria,d__Bacteria,p__UBP10,c__GR-WP33-30,o__,f__,g__,s__
K_Offshore_80m_m2_194,Deltaproteobacteria,d__Bacteria,p__UBP10,c__GR-WP33-30,o__,f__,g__,s__
K_Offshore_80m_m2_211,Deltaproteobacteria,d__Bacteria,p__UBP10,c__GR-WP33-30,o__,f__,g__,s__
M_DeepCast_50m_m2_156,Diapherotrites,d__Archaea,p__Micrarchaeota,c__Iainarchaeia,o__,f__,g__,s__
M_DeepCast_200m_m1_298,Euryarchaeota,d__Archaea,p__Thermoplasmatota,c__,o__,f__,g__,s__
K_DeepCast_300m_m2_256,Euryarchaeota,d__Archaea,p__Euryarchaeota,c__Methanobacteria,o__Methanobacteriales,f__Methanobacteriaceae,g__,s__
M_DeepCast_400m_m2_325,Euryarchaeota,d__Archaea,p__Thermoplasmatota,c__Thermoplasmata_A,o__Methanomassiliicoccales,f__,g__,s__
M_DeepCast_100m_m2_066,Acidobacteria,d__Bacteria,p__Acidobacteriota,c__Acidobacteriae,o__Solibacterales,f__Solibacteraceae,g__,s__
M_DeepCast_100m_m2_149,Acidobacteria,d__Bacteria,p__Acidobacteriota,c__Acidobacteriae,o__Solibacterales,f__Solibacteraceae,g__,s__
M_DeepCast_100m_mx_118,Acidobacteria,d__Bacteria,p__Acidobacteriota,c__Acidobacteriae,o__Solibacterales,f__Solibacteraceae,g__,s__
K_DeepCast_250m_m1_110,Acidobacteria,d__Bacteria,p__Acidobacteriota,c__Acidobacteriae,o__Solibacterales,f__Solibacteraceae,g__,s__
K_DeepCast_250m_m2_119,Acidobacteria,d__Bacteria,p__Acidobacteriota,c__,o__,f__,g__,s__
K_Offshore_40m_m2_176,Acidobacteria,d__Bacteria,p__Acidobacteriota,c__Acidobacteriae,o__Solibacterales,f__Solibacteraceae,g__,s__
M_DeepCast_50m_m2_162,Acidobacteria,d__Bacteria,p__Acidobacteriota,c__Acidobacteriae,o__Solibacterales,f__Solibacteraceae,g__,s__
K_DeepCast_65m_m2_251,Acidobacteria,d__Bacteria,p__Acidobacteriota,c__Acidobacteriae,o__Solibacterales,f__Solibacteraceae,g__,s__
K_Offshore_80m_m2_003,Acidobacteria,d__Bacteria,p__Acidobacteriota,c__Acidobacteriae,o__Solibacterales,f__Solibacteraceae,g__,s__
K_Offshore_80m_m2_102,Acidobacteria,d__Bacteria,p__Acidobacteriota,c__Acidobacteriae,o__Solibacterales,f__Solibacteraceae,g__,s__
K_DeepCast_150m_m2_056,Firmicutes,d__Bacteria,p__Firmicutes_D,c__Dethiobacteria,o__DTU022,f__DTU022,g__,s__
M_surface_6_m1_040,Firmicutes,d__Bacteria,p__Firmicutes,c__Bacilli,o__RFN20,f__CAG-826,g__,s__
M_surface_9_m2_177,Gammaproteobacteria,d__Bacteria,p__Proteobacteria,c__Gammaproteobacteria,o__Berkiellales,f__,g__,s__
K_Offshore_40m_m1_049,Gammaproteobacteria,d__Bacteria,p__Proteobacteria,c__Gammaproteobacteria,o__Betaproteobacteriales,f__Methylophilaceae,g__Methylopumilus,s__
M_surface_10_m2_141,Gammaproteobacteria,d__Bacteria,p__Proteobacteria,c__Gammaproteobacteria,o__Ga0077536,f__Ga0077536,g__,s__
M_DeepCast_65m_m1_270,Gammaproteobacteria,d__Bacteria,p__Proteobacteria,c__Gammaproteobacteria,o__Methylococcales,f__Methylococcaceae,g__,s__
M_DeepCast_65m_m1_284,Gammaproteobacteria,d__Bacteria,p__Proteobacteria,c__Gammaproteobacteria,o__Methylococcales,f__Methylomonadaceae,g__Methyloglobulus,s__
K_Offshore_80m_m1_177,Gammaproteobacteria,d__Bacteria,p__Proteobacteria,c__Gammaproteobacteria,o__Pseudomonadales,f__HTCC2089,g__,s__
M_surface_6_m2_085,Gammaproteobacteria,d__Bacteria,p__Proteobacteria,c__Gammaproteobacteria,o__Steroidobacterales,f__Steroidobacteraceae,g__,s__
M_surface_9_m2_068,Gammaproteobacteria,d__Bacteria,p__Proteobacteria,c__Gammaproteobacteria,o__Steroidobacterales,f__Steroidobacteraceae,g__,s__
K_Offshore_0m_mx_117,Gammaproteobacteria,d__Bacteria,p__Proteobacteria,c__Gammaproteobacteria,o__Steroidobacterales,f__Steroidobacteraceae,g__,s__
M_DeepCast_100m_m1_014,Gammaproteobacteria,d__Bacteria,p__Proteobacteria,c__Gammaproteobacteria,o__Steroidobacterales,f__Steroidobacteraceae,g__,s__
M_DeepCast_100m_m2_072,Gammaproteobacteria,d__Bacteria,p__Proteobacteria,c__Gammaproteobacteria,o__Steroidobacterales,f__Steroidobacteraceae,g__,s__
K_Offshore_120m_m1_194,Gammaproteobacteria,d__Bacteria,p__Proteobacteria,c__Gammaproteobacteria,o__Steroidobacterales,f__Steroidobacteraceae,g__,s__
K_Offshore_120m_m2_034,Gammaproteobacteria,d__Bacteria,p__Proteobacteria,c__Gammaproteobacteria,o__Steroidobacterales,f__Steroidobacteraceae,g__,s__
K_DeepCast_35m_m1_077,Gammaproteobacteria,d__Bacteria,p__Proteobacteria,c__Gammaproteobacteria,o__Steroidobacterales,f__Steroidobacteraceae,g__,s__
K_Offshore_40m_mx_227,Gammaproteobacteria,d__Bacteria,p__Proteobacteria,c__Gammaproteobacteria,o__Steroidobacterales,f__Steroidobacteraceae,g__,s__
M_DeepCast_65m_mx_133,Gammaproteobacteria,d__Bacteria,p__Proteobacteria,c__Gammaproteobacteria,o__Steroidobacterales,f__Steroidobacteraceae,g__,s__
K_Offshore_80m_m2_057,Gammaproteobacteria,d__Bacteria,p__Proteobacteria,c__Gammaproteobacteria,o__Steroidobacterales,f__Steroidobacteraceae,g__,s__
K_Offshore_surface_m1_032,Gammaproteobacteria,d__Bacteria,p__Proteobacteria,c__Gammaproteobacteria,o__Steroidobacterales,f__Steroidobacteraceae,g__,s__
K_DeepCast_100m_m2_315,Gammaproteobacteria,d__Bacteria,p__Proteobacteria,c__Gammaproteobacteria,o__UBA11654,f__UBA11654,g__,s__
K_Offshore_80m_m2_176,Gammaproteobacteria,d__Bacteria,p__Proteobacteria,c__Gammaproteobacteria,o__UBA11654,f__UBA11654,g__,s__
K_Offshore_40m_m1_054,Gammaproteobacteria,d__Bacteria,p__Proteobacteria,c__Gammaproteobacteria,o__UBA7916,f__,g__,s__
M_surface_7_m1_048,Gemmatimonadetes,d__Bacteria,p__Gemmatimonadota,c__Gemmatimonadetes,o__Gemmatimonadales,f__Gemmatimonadaceae,g__,s__
K_Offshore_120m_m2_038,Gemmatimonadetes,d__Bacteria,p__Gemmatimonadota,c__Gemmatimonadetes,o__Gemmatimonadales,f__,g__,s__
K_Offshore_80m_m1_181,Gemmatimonadetes,d__Bacteria,p__Gemmatimonadota,c__Gemmatimonadetes,o__Gemmatimonadales,f__GWC2-71-9,g__,s__
K_Offshore_80m_m2_041,Gemmatimonadetes,d__Bacteria,p__Gemmatimonadota,c__Gemmatimonadetes,o__SG8-23,f__UBA6960,g__,s__
M_DeepCast_400m_m2_225,Gemmatimonadetes,d__Bacteria,p__Chloroflexota,c__Dehalococcoidia,o__UBA1151,f__,g__,s__
K_Offshore_40m_mx_046,Gemmatimonadetes,d__Bacteria,p__Gemmatimonadota,c__Gemmatimonadetes,o__Gemmatimonadales,f__Gemmatimonadaceae,g__,s__
M_DeepCast_50m_m2_218,Gemmatimonadetes,d__Bacteria,p__Gemmatimonadota,c__Gemmatimonadetes,o__Gemmatimonadales,f__Gemmatimonadaceae,g__,s__
M_DeepCast_65m_m1_262,Gemmatimonadetes,d__Bacteria,p__Gemmatimonadota,c__Gemmatimonadetes,o__Gemmatimonadales,f__Gemmatimonadaceae,g__,s__
M_surface_10_mx_236,Ignavibacteria,d__Bacteria,p__Bacteroidota,c__Kapabacteria,o__Kapabacteriales,f__Kapabacteriaceae,g__UBA10438,s__
K_Offshore_0m_mx_139,Ignavibacteria,d__Bacteria,p__Bacteroidota,c__Kapabacteria,o__Kapabacteriales,f__,g__,s__
K_DeepCast_100m_m2_118,Ignavibacteria,d__Bacteria,p__Bacteroidota,c__Ignavibacteria,o__,f__,g__,s__
K_DeepCast_100m_m2_176,Ignavibacteria,d__Bacteria,p__Bacteroidota,c__Ignavibacteria,o__Ignavibacteriales,f__Melioribacteraceae,g__,s__
K_DeepCast_100m_m2_316,Ignavibacteria,d__Bacteria,p__Bacteroidota,c__UBA10030,o__UBA10030,f__,g__,s__
K_DeepCast_250m_m1_364,Ignavibacteria,d__Bacteria,p__Bacteroidota,c__Ignavibacteria,o__SJA-28,f__,g__,s__
M_DeepCast_400m_m2_062,Ignavibacteria,d__Bacteria,p__Bacteroidota,c__UBA10030,o__UBA10030,f__UBA10030,g__,s__
M_DeepCast_65m_m1_282,Ignavibacteria,d__Bacteria,p__Bacteroidota,c__UBA10030,o__,f__,g__,s__
K_Offshore_80m_m2_224,Ignavibacteria,d__Bacteria,p__Bacteroidota,c__Kapabacteria,o__Kapabacteriales,f__,g__,s__
K_DeepCast_100m_m2_241,Kirimatiellacea,d__Bacteria,p__Verrucomicrobiota,c__Kiritimatiellae,o__Kiritimatiellales,f__,g__,s__
K_DeepCast_100m_m2_028,Lentisphaerae,d__Bacteria,p__Verrucomicrobiota,c__Kiritimatiellae,o__,f__,g__,s__
M_DeepCast_200m_m2_085,Lentisphaerae,d__Bacteria,p__Verrucomicrobiota,c__Kiritimatiellae,o__RFP12,f__,g__,s__
K_DeepCast_250m_m2_056,Lentisphaerae,d__Bacteria,p__Verrucomicrobiota,c__Kiritimatiellae,o__UBA8416,f__,g__,s__
M_DeepCast_400m_m2_230,Lentisphaerae,d__Bacteria,p__Verrucomicrobiota,c__Kiritimatiellae,o__UBA8416,f__,g__,s__
K_DeepCast_150m_m2_200,Nitrospirae,d__Bacteria,p__Nitrospirota,c__Thermodesulfovibrionia,o__Thermodesulfovibrionales,f__SM23-35,g__,s__
M_DeepCast_200m_m2_046,Nitrospirae,d__Bacteria,p__Nitrospirota,c__Thermodesulfovibrionia,o__Thermodesulfovibrionales,f__,g__,s__
K_DeepCast_250m_m1_045,Nitrospirae,d__Bacteria,p__Nitrospirota,c__Thermodesulfovibrionia,o__Thermodesulfovibrionales,f__,g__,s__
K_DeepCast_300m_m2_067,Nitrospirae,d__Bacteria,p__Nitrospirota,c__Thermodesulfovibrionia,o__Thermodesulfovibrionales,f__,g__,s__
M_DeepCast_50m_m2_151,Nitrospirae,d__Bacteria,p__Nitrospirota,c__Nitrospiria,o__Nitrospirales,f__Nitrospiraceae,g__Nitrospira,s__
M_DeepCast_65m_m2_155,Nitrospirae,d__Bacteria,p__Nitrospirota,c__Nitrospiria,o__Nitrospirales,f__Nitrospiraceae,g__,s__
M_DeepCast_65m_m2_186,Nitrospirae,d__Bacteria,p__Nitrospirota,c__Nitrospiria,o__Nitrospirales,f__Nitrospiraceae,g__,s__
M_DeepCast_65m_mx_150,Nitrospirae,d__Bacteria,p__Nitrospirota,c__Nitrospiria,o__Nitrospirales,f__Nitrospiraceae,g__Nitrospira,s__
K_Offshore_80m_m2_040,Nitrospirae,d__Bacteria,p__Nitrospirota,c__Nitrospiria,o__Nitrospirales,f__Nitrospiraceae,g__,s__
K_Offshore_80m_m2_121,Nitrospirae,d__Bacteria,p__Nitrospirota,c__Nitrospiria,o__Nitrospirales,f__Nitrospiraceae,g__,s__
M_surface_10_m1_294,Planctomycetes (Phycisphaerae),d__Bacteria,p__Planctomycetota,c__Phycisphaerae,o__Phycisphaerales,f__SM1A02,g__,s__
K_Offshore_120m_m2_041,Planctomycetes (Phycisphaerae),d__Bacteria,p__Planctomycetota,c__Phycisphaerae,o__Phycisphaerales,f__SM1A02,g__,s__
M_DeepCast_65m_m2_009,Planctomycetes (Phycisphaerae),d__Bacteria,p__Planctomycetota,c__Phycisphaerae,o__Phycisphaerales,f__SM1A02,g__,s__
M_DeepCast_65m_mx_077,Planctomycetes (Phycisphaerae),d__Bacteria,p__Planctomycetota,c__Phycisphaerae,o__Phycisphaerales,f__SM1A02,g__,s__
M_DeepCast_65m_mx_236,Planctomycetes (Phycisphaerae),d__Bacteria,p__Planctomycetota,c__Phycisphaerae,o__Phycisphaerales,f__SM1A02,g__,s__
K_Offshore_80m_m2_006,Planctomycetes (Phycisphaerae),d__Bacteria,p__Planctomycetota,c__Phycisphaerae,o__Phycisphaerales,f__SM1A02,g__,s__
M_surface_10_m2_213,Planctomycetes (Phycisphaerae),d__Bacteria,p__Planctomycetota,c__Phycisphaerae,o__Phycisphaerales,f__SM1A02,g__,s__
K_Offshore_120m_m2_148,Planctomycetes (Phycisphaerae),d__Bacteria,p__Planctomycetota,c__Phycisphaerae,o__Phycisphaerales,f__SM1A02,g__,s__
K_DeepCast_35m_m2_037,Planctomycetes (Phycisphaerae),d__Bacteria,p__Planctomycetota,c__Phycisphaerae,o__Phycisphaerales,f__SM1A02,g__,s__
K_Offshore_40m_m2_104,Planctomycetes (Phycisphaerae),d__Bacteria,p__Planctomycetota,c__Phycisphaerae,o__Phycisphaerales,f__SM1A02,g__,s__
K_Offshore_0m_mx_037,Planctomycetes,d__Bacteria,p__Planctomycetota,c__Planctomycetes,o__Gemmatales,f__Gemmataceae,g__,s__
K_DeepCast_100m_m1_307,Planctomycetes,d__Bacteria,p__Planctomycetota,c__Phycisphaerae,o__SG8-4,f__SG8-4,g__,s__
K_DeepCast_100m_m2_328,Planctomycetes,d__Bacteria,p__Planctomycetota,c__Brocadiae,o__Brocadiales,f__Brocadiaceae,g__,s__
K_DeepCast_100m_mx_218,Planctomycetes,d__Bacteria,p__Planctomycetota,c__UBA1135,o__UBA2386,f__UBA2386,g__,s__
M_DeepCast_100m_m2_243,Planctomycetes,d__Bacteria,p__Planctomycetota,c__Brocadiae,o__Brocadiales,f__Brocadiaceae,g__,s__
M_DeepCast_100m_mx_241,Planctomycetes,d__Bacteria,p__Planctomycetota,c__Planctomycetes,o__Planctomycetales,f__Planctomycetaceae,g__,s__
K_Offshore_120m_mx_222,Planctomycetes,d__Bacteria,p__Planctomycetota,c__Planctomycetes,o__Gemmatales,f__Gemmataceae,g__,s__
K_DeepCast_150m_m2_127,Planctomycetes,d__Bacteria,p__Planctomycetota,c__Brocadiae,o__,f__,g__,s__
M_DeepCast_200m_m1_344,Planctomycetes,d__Bacteria,p__Planctomycetota,c__Planctomycetes,o__Pirellulales,f__UBA1268,g__,s__
M_DeepCast_200m_m2_025,Planctomycetes,d__Bacteria,p__Planctomycetota,c__Planctomycetes,o__Pirellulales,f__Pirellulaceae,g__,s__
M_DeepCast_200m_mx_231,Planctomycetes,d__Bacteria,p__Planctomycetota,c__Brocadiae,o__,f__,g__,s__
K_DeepCast_250m_m1_330,Planctomycetes,d__Bacteria,p__Planctomycetota,c__Brocadiae,o__,f__,g__,s__
K_DeepCast_250m_m1_352,Planctomycetes,d__Bacteria,p__Planctomycetota,c__Phycisphaerae,o__SG8-4,f__SG8-4,g__PLanc-01,s__
K_DeepCast_35m_m1_264,Planctomycetes,d__Bacteria,p__Planctomycetota,c__Planctomycetes,o__Pirellulales,f__UBA1268,g__,s__
K_DeepCast_35m_m2_150,Planctomycetes,d__Bacteria,p__Planctomycetota,c__Planctomycetes,o__Pirellulales,f__UBA1268,g__,s__
M_DeepCast_400m_m2_048,Planctomycetes,d__Bacteria,p__Planctomycetota,c__,o__,f__,g__,s__
M_DeepCast_400m_m2_195,Planctomycetes,d__Bacteria,p__Planctomycetota,c__Brocadiae,o__,f__,g__,s__
M_DeepCast_400m_m2_341,Planctomycetes,d__Bacteria,p__Planctomycetota,c__Brocadiae,o__,f__,g__,s__
M_DeepCast_50m_m2_133,Planctomycetes,d__Bacteria,p__Planctomycetota,c__,o__,f__,g__,s__
M_DeepCast_50m_m2_137,Planctomycetes,d__Bacteria,p__Planctomycetota,c__UBA1135,o__UBA1135,f__,g__,s__
K_DeepCast_65m_m1_055,Planctomycetes,d__Bacteria,p__Planctomycetota,c__Planctomycetes,o__Pirellulales,f__Pirellulaceae,g__,s__
M_DeepCast_65m_m1_287,Planctomycetes,d__Bacteria,p__Planctomycetota,c__,o__,f__,g__,s__
M_DeepCast_65m_m2_011,Planctomycetes,d__Bacteria,p__Planctomycetota,c__Planctomycetes,o__Pirellulales,f__Pirellulaceae,g__,s__
M_DeepCast_65m_m2_061,Planctomycetes,d__Bacteria,p__Planctomycetota,c__UBA1135,o__UBA1135,f__,g__,s__
M_DeepCast_65m_m2_181,Planctomycetes,d__Bacteria,p__Planctomycetota,c__UBA1135,o__UBA1135,f__,g__,s__
K_Offshore_80m_m1_186,Planctomycetes,d__Bacteria,p__Planctomycetota,c__UBA1135,o__UBA2386,f__UBA2386,g__,s__
K_Offshore_80m_m2_029,Planctomycetes,d__Bacteria,p__Planctomycetota,c__Planctomycetes,o__Planctomycetales,f__Planctomycetaceae,g__,s__
K_Offshore_80m_m2_128,Planctomycetes,d__Bacteria,p__Planctomycetota,c__Planctomycetes,o__Gemmatales,f__Gemmataceae,g__,s__
K_Offshore_80m_m2_185,Planctomycetes,d__Bacteria,p__Planctomycetota,c__Planctomycetes,o__Gemmatales,f__Gemmataceae,g__,s__
K_Offshore_surface_m1_204,Planctomycetes,d__Bacteria,p__Planctomycetota,c__UBA1135,o__UBA2386,f__UBA2386,g__,s__
K_Offshore_surface_mx_130,Planctomycetes,d__Bacteria,p__Planctomycetota,c__Planctomycetes,o__Pirellulales,f__Pirellulaceae,g__,s__
K_Offshore_surface_mx_256,Planctomycetes,d__Bacteria,p__Planctomycetota,c__Planctomycetes,o__Pirellulales,f__UBA1268,g__,s__
K_DeepCast_100m_mx_034,Thaumarchaeota,d__Archaea,p__Crenarchaeota,c__Nitrososphaeria,o__Nitrososphaerales,f__Nitrosopumilaceae,g__Nitrosotenuis,s__
M_DeepCast_50m_m1_060,Thaumarchaeota,d__Archaea,p__Crenarchaeota,c__Nitrososphaeria,o__Nitrososphaerales,f__Nitrosopumilaceae,g__,s__
M_DeepCast_65m_m1_070,Thaumarchaeota,d__Archaea,p__Crenarchaeota,c__Nitrososphaeria,o__Nitrososphaerales,f__Nitrosopumilaceae,g__Nitrosotenuis,s__
K_DeepCast_65m_m2_187,Thaumarchaeota,d__Archaea,p__Crenarchaeota,c__Nitrososphaeria,o__Nitrososphaerales,f__,g__,s__
K_Offshore_80m_m1_039,Thaumarchaeota,d__Archaea,p__Crenarchaeota,c__Nitrososphaeria,o__Nitrososphaerales,f__Nitrosopumilaceae,g__,s__
K_Offshore_80m_m2_203,Thaumarchaeota,d__Archaea,p__Crenarchaeota,c__Nitrososphaeria,o__Nitrososphaerales,f__Nitrosopumilaceae,g__,s__
M_surface_10_m2_023,Verrucomicrobia V1,d__Bacteria,p__Verrucomicrobiota,c__Verrucomicrobiae,o__Verrucomicrobiales,f__Akkermansiaceae,g__,s__
K_DeepCast_35m_m1_007,Verrucomicrobia V2,d__Bacteria,p__Verrucomicrobiota,c__Verrucomicrobiae,o__Chthoniobacterales,f__,g__,s__
K_DeepCast_0m_m1_144,Verrucomicrobia V3,d__Bacteria,p__Verrucomicrobiota,c__Verrucomicrobiae,o__Pedosphaerales,f__UBA9464,g__,s__
K_Offshore_120m_m2_058,Verrucomicrobia V3,d__Bacteria,p__Verrucomicrobiota,c__Verrucomicrobiae,o__Pedosphaerales,f__UBA9464,g__,s__
K_DeepCast_150m_m2_164,Verrucomicrobia V3,d__Bacteria,p__Verrucomicrobiota,c__Verrucomicrobiae,o__Pedosphaerales,f__,g__,s__
M_DeepCast_200m_mx_295,Verrucomicrobia V3,d__Bacteria,p__Verrucomicrobiota,c__Verrucomicrobiae,o__,f__,g__,s__
K_DeepCast_35m_m2_191,Verrucomicrobia V3,d__Bacteria,p__Verrucomicrobiota,c__Verrucomicrobiae,o__Pedosphaerales,f__UBA9464,g__,s__
K_Offshore_40m_m1_220,Verrucomicrobia V3,d__Bacteria,p__Verrucomicrobiota,c__Verrucomicrobiae,o__Pedosphaerales,f__UBA9464,g__,s__
M_DeepCast_65m_m2_001,Verrucomicrobia V3,d__Bacteria,p__Verrucomicrobiota,c__Verrucomicrobiae,o__Pedosphaerales,f__,g__,s__
M_DeepCast_65m_m2_010,Verrucomicrobia V3,d__Bacteria,p__Verrucomicrobiota,c__Verrucomicrobiae,o__Opitutales,f__Opitutaceae,g__Opitutus,s__
K_Offshore_80m_m1_157,Verrucomicrobia V3,d__Bacteria,p__Verrucomicrobiota,c__Verrucomicrobiae,o__Pedosphaerales,f__,g__,s__
K_Offshore_80m_m1_165,Verrucomicrobia V3,d__Bacteria,p__Verrucomicrobiota,c__Verrucomicrobiae,o__Pedosphaerales,f__UBA9464,g__,s__
K_Offshore_80m_m2_019,Verrucomicrobia V3,d__Bacteria,p__Verrucomicrobiota,c__Verrucomicrobiae,o__Pedosphaerales,f__,g__,s__
K_Offshore_80m_m2_222,Verrucomicrobia V3,d__Bacteria,p__Verrucomicrobiota,c__Verrucomicrobiae,o__Pedosphaerales,f__UBA9464,g__,s__
M_DeepCast_100m_m1_317,Verrucomicrobia V4,d__Bacteria,p__Verrucomicrobiota,c__Verrucomicrobiae,o__Opitutales,f__Opitutaceae,g__Opitutus,s__
M_DeepCast_100m_m1_323,Verrucomicrobia V4,d__Bacteria,p__Verrucomicrobiota,c__Verrucomicrobiae,o__Opitutales,f__Opitutaceae,g__,s__
M_surface_10_m1_278,Verrucomicrobia V4,d__Bacteria,p__Verrucomicrobiota,c__Verrucomicrobiae,o__Opitutales,f__UBA953,g__UBA953,s__
M_DeepCast_400m_m2_235,Verrucomicrobia V4,d__Bacteria,p__Verrucomicrobiota,c__,o__,f__,g__,s__
K_Offshore_40m_m2_239,Verrucomicrobia V4,d__Bacteria,p__Verrucomicrobiota,c__Verrucomicrobiae,o__Opitutales,f__Opitutaceae,g__Opitutus,s__
M_surface_9_m2_112,Verrucomicrobia V4,d__Bacteria,p__Verrucomicrobiota,c__Verrucomicrobiae,o__Opitutales,f__UBA953,g__,s__
K_Offshore_surface_mx_210,Verrucomicrobia V6,d__Bacteria,p__Verrucomicrobiota,c__Verrucomicrobiae,o__Methylacidiphilales,f__UBA3015,g__UBA3015,s__
M_DeepCast_400m_m2_277,Woesearchaeota,d__Archaea,p__Nanoarchaeota,c__Woesearchaeia,o__SCGC-AAA011-G17,f__,g__,s__
M_DeepCast_65m_m2_091,Woesearchaeota,d__Bacteria,p__Proteobacteria,c__Gammaproteobacteria,o__Methylococcales,f__Methylococcaceae,g__,s__